load_torque_Nm;current_A
0;0.2712477396
1e-05;0.2714135021
2e-05;0.2715792646
3e-05;0.2717450271
4e-05;0.2719107896
5e-05;0.2720765521
6e-05;0.2722423146
7e-05;0.2724080772
8e-05;0.2725738397
9e-05;0.2727396022
0.0001;0.2729053647
0.00011;0.2730711272
0.00012;0.2732368897
0.00013;0.2734026522
0.00014;0.2735684147
0.00015;0.2737341772
0.00016;0.2738999397
0.00017;0.2740657022
0.00018;0.2742314647
0.00019;0.2743972272
0.0002;0.2745629898
0.00021;0.2747287523
0.00022;0.2748945148
0.00023;0.2750602773
0.00024;0.2752260398
0.00025;0.2753918023
0.00026;0.2755575648
0.00027;0.2757233273
0.00028;0.2758890898
0.00029;0.2760548523
0.0003;0.2762206148
0.00031;0.2763863773
0.00032;0.2765521398
0.00033;0.2767179024
0.00034;0.2768836649
0.00035;0.2770494274
0.00036;0.2772151899
0.00037;0.2773809524
0.00038;0.2775467149
0.00039;0.2777124774
0.0004;0.2778782399
0.00041;0.2780440024
0.00042;0.2782097649
0.00043;0.2783755274
0.00044;0.2785412899
0.00045;0.2787070524
0.00046;0.2788728149
0.00047;0.2790385775
0.00048;0.27920434
0.00049;0.2793701025
0.0005;0.279535865
0.00051;0.2797016275
0.00052;0.27986739
0.00053;0.2800331525
0.00054;0.280198915
0.00055;0.2803646775
0.00056;0.28053044
0.00057;0.2806962025
0.00058;0.280861965
0.00059;0.2810277275
0.0006;0.2811934901
0.00061;0.2813592526
0.00062;0.2815250151
0.00063;0.2816907776
0.00064;0.2818565401
0.00065;0.2820223026
0.00066;0.2821880651
0.00067;0.2823538276
0.00068;0.2825195901
0.00069;0.2826853526
0.0007;0.2828511151
0.00071;0.2830168776
0.00072;0.2831826401
0.00073;0.2833484027
0.00074;0.2835141652
0.00075;0.2836799277
0.00076;0.2838456902
0.00077;0.2840114527
0.00078;0.2841772152
0.00079;0.2843429777
0.0008;0.2845087402
0.00081;0.2846745027
0.00082;0.2848402652
0.00083;0.2850060277
0.00084;0.2851717902
0.00085;0.2853375527
0.00086;0.2855033153
0.00087;0.2856690778
0.00088;0.2858348403
0.00089;0.2860006028
0.0009;0.2861663653
0.00091;0.2863321278
0.00092;0.2864978903
0.00093;0.2866636528
0.00094;0.2868294153
0.00095;0.2869951778
0.00096;0.2871609403
0.00097;0.2873267028
0.00098;0.2874924653
0.00099;0.2876582278
0.001;0.2878239904
0.00101;0.2879897529
0.00102;0.2881555154
0.00103;0.2883212779
0.00104;0.2884870404
0.00105;0.2886528029
0.00106;0.2888185654
0.00107;0.2889843279
0.00108;0.2891500904
0.00109;0.2893158529
0.0011;0.2894816154
0.00111;0.2896473779
0.00112;0.2898131404
0.00113;0.289978903
0.00114;0.2901446655
0.00115;0.290310428
0.00116;0.2904761905
0.00117;0.290641953
0.00118;0.2908077155
0.00119;0.290973478
0.0012;0.2911392405
0.00121;0.291305003
0.00122;0.2914707655
0.00123;0.291636528
0.00124;0.2918022905
0.00125;0.291968053
0.00126;0.2921338156
0.00127;0.2922995781
0.00128;0.2924653406
0.00129;0.2926311031
0.0013;0.2927968656
0.00131;0.2929626281
0.00132;0.2931283906
0.00133;0.2932941531
0.00134;0.2934599156
0.00135;0.2936256781
0.00136;0.2937914406
0.00137;0.2939572031
0.00138;0.2941229656
0.00139;0.2942887281
0.0014;0.2944544907
0.00141;0.2946202532
0.00142;0.2947860157
0.00143;0.2949517782
0.00144;0.2951175407
0.00145;0.2952833032
0.00146;0.2954490657
0.00147;0.2956148282
0.00148;0.2957805907
0.00149;0.2959463532
0.0015;0.2961121157
0.00151;0.2962778782
0.00152;0.2964436407
0.00153;0.2966094033
0.00154;0.2967751658
0.00155;0.2969409283
0.00156;0.2971066908
0.00157;0.2972724533
0.00158;0.2974382158
0.00159;0.2976039783
0.0016;0.2977697408
0.00161;0.2979355033
0.00162;0.2981012658
0.00163;0.2982670283
0.00164;0.2984327908
0.00165;0.2985985533
0.00166;0.2987643159
0.00167;0.2989300784
0.00168;0.2990958409
0.00169;0.2992616034
0.0017;0.2994273659
0.00171;0.2995931284
0.00172;0.2997588909
0.00173;0.2999246534
0.00174;0.3000904159
0.00175;0.3002561784
0.00176;0.3004219409
0.00177;0.3005877034
0.00178;0.3007534659
0.00179;0.3009192285
0.0018;0.301084991
0.00181;0.3012507535
0.00182;0.301416516
0.00183;0.3015822785
0.00184;0.301748041
0.00185;0.3019138035
0.00186;0.302079566
0.00187;0.3022453285
0.00188;0.302411091
0.00189;0.3025768535
0.0019;0.302742616
0.00191;0.3029083785
0.00192;0.303074141
0.00193;0.3032399036
0.00194;0.3034056661
0.00195;0.3035714286
0.00196;0.3037371911
0.00197;0.3039029536
0.00198;0.3040687161
0.00199;0.3042344786
0.002;0.3044002411
0.00201;0.3045660036
0.00202;0.3047317661
0.00203;0.3048975286
0.00204;0.3050632911
0.00205;0.3052290536
0.00206;0.3053948162
0.00207;0.3055605787
0.00208;0.3057263412
0.00209;0.3058921037
0.0021;0.3060578662
0.00211;0.3062236287
0.00212;0.3063893912
0.00213;0.3065551537
0.00214;0.3067209162
0.00215;0.3068866787
0.00216;0.3070524412
0.00217;0.3072182037
0.00218;0.3073839662
0.00219;0.3075497288
0.0022;0.3077154913
0.00221;0.3078812538
0.00222;0.3080470163
0.00223;0.3082127788
0.00224;0.3083785413
0.00225;0.3085443038
0.00226;0.3087100663
0.00227;0.3088758288
0.00228;0.3090415913
0.00229;0.3092073538
0.0023;0.3093731163
0.00231;0.3095388788
0.00232;0.3097046414
0.00233;0.3098704039
0.00234;0.3100361664
0.00235;0.3102019289
0.00236;0.3103676914
0.00237;0.3105334539
0.00238;0.3106992164
0.00239;0.3108649789
0.0024;0.3110307414
0.00241;0.3111965039
0.00242;0.3113622664
0.00243;0.3115280289
0.00244;0.3116937914
0.00245;0.3118595539
0.00246;0.3120253165
0.00247;0.312191079
0.00248;0.3123568415
0.00249;0.312522604
0.0025;0.3126883665
0.00251;0.312854129
0.00252;0.3130198915
0.00253;0.313185654
0.00254;0.3133514165
0.00255;0.313517179
0.00256;0.3136829415
0.00257;0.313848704
0.00258;0.3140144665
0.00259;0.3141802291
0.0026;0.3143459916
0.00261;0.3145117541
0.00262;0.3146775166
0.00263;0.3148432791
0.00264;0.3150090416
0.00265;0.3151748041
0.00266;0.3153405666
0.00267;0.3155063291
0.00268;0.3156720916
0.00269;0.3158378541
0.0027;0.3160036166
0.00271;0.3161693791
0.00272;0.3163351417
0.00273;0.3165009042
0.00274;0.3166666667
0.00275;0.3168324292
0.00276;0.3169981917
0.00277;0.3171639542
0.00278;0.3173297167
0.00279;0.3174954792
0.0028;0.3176612417
0.00281;0.3178270042
0.00282;0.3179927667
0.00283;0.3181585292
0.00284;0.3183242917
0.00285;0.3184900542
0.00286;0.3186558168
0.00287;0.3188215793
0.00288;0.3189873418
0.00289;0.3191531043
0.0029;0.3193188668
0.00291;0.3194846293
0.00292;0.3196503918
0.00293;0.3198161543
0.00294;0.3199819168
0.00295;0.3201476793
0.00296;0.3203134418
0.00297;0.3204792043
0.00298;0.3206449668
0.00299;0.3208107294
0.003;0.3209764919
0.00301;0.3211422544
0.00302;0.3213080169
0.00303;0.3214737794
0.00304;0.3216395419
0.00305;0.3218053044
0.00306;0.3219710669
0.00307;0.3221368294
0.00308;0.3223025919
0.00309;0.3224683544
0.0031;0.3226341169
0.00311;0.3227998794
0.00312;0.322965642
0.00313;0.3231314045
0.00314;0.323297167
0.00315;0.3234629295
0.00316;0.323628692
0.00317;0.3237944545
0.00318;0.323960217
0.00319;0.3241259795
0.0032;0.324291742
0.00321;0.3244575045
0.00322;0.324623267
0.00323;0.3247890295
0.00324;0.324954792
0.00325;0.3251205546
0.00326;0.3252863171
0.00327;0.3254520796
0.00328;0.3256178421
0.00329;0.3257836046
0.0033;0.3259493671
0.00331;0.3261151296
0.00332;0.3262808921
0.00333;0.3264466546
0.00334;0.3266124171
0.00335;0.3267781796
0.00336;0.3269439421
0.00337;0.3271097046
0.00338;0.3272754671
0.00339;0.3274412297
0.0034;0.3276069922
0.00341;0.3277727547
0.00342;0.3279385172
0.00343;0.3281042797
0.00344;0.3282700422
0.00345;0.3284358047
0.00346;0.3286015672
0.00347;0.3287673297
0.00348;0.3289330922
0.00349;0.3290988547
0.0035;0.3292646172
0.00351;0.3294303797
0.00352;0.3295961423
0.00353;0.3297619048
0.00354;0.3299276673
0.00355;0.3300934298
0.00356;0.3302591923
0.00357;0.3304249548
0.00358;0.3305907173
0.00359;0.3307564798
0.0036;0.3309222423
0.00361;0.3310880048
0.00362;0.3312537673
0.00363;0.3314195298
0.00364;0.3315852923
0.00365;0.3317510549
0.00366;0.3319168174
0.00367;0.3320825799
0.00368;0.3322483424
0.00369;0.3324141049
0.0037;0.3325798674
0.00371;0.3327456299
0.00372;0.3329113924
0.00373;0.3330771549
0.00374;0.3332429174
0.00375;0.3334086799
0.00376;0.3335744424
0.00377;0.3337402049
0.00378;0.3339059675
0.00379;0.33407173
0.0038;0.3342374925
0.00381;0.334403255
0.00382;0.3345690175
0.00383;0.33473478
0.00384;0.3349005425
0.00385;0.335066305
0.00386;0.3352320675
0.00387;0.33539783
0.00388;0.3355635925
0.00389;0.335729355
0.0039;0.3358951175
0.00391;0.33606088
0.00392;0.3362266426
0.00393;0.3363924051
0.00394;0.3365581676
0.00395;0.3367239301
0.00396;0.3368896926
0.00397;0.3370554551
0.00398;0.3372212176
0.00399;0.3373869801
0.004;0.3375527426
0.00401;0.3377185051
0.00402;0.3378842676
0.00403;0.3380500301
0.00404;0.3382157926
0.00405;0.3383815552
0.00406;0.3385473177
0.00407;0.3387130802
0.00408;0.3388788427
0.00409;0.3390446052
0.0041;0.3392103677
0.00411;0.3393761302
0.00412;0.3395418927
0.00413;0.3397076552
0.00414;0.3398734177
0.00415;0.3400391802
0.00416;0.3402049427
0.00417;0.3403707052
0.00418;0.3405364678
0.00419;0.3407022303
0.0042;0.3408679928
0.00421;0.3410337553
0.00422;0.3411995178
0.00423;0.3413652803
0.00424;0.3415310428
0.00425;0.3416968053
0.00426;0.3418625678
0.00427;0.3420283303
0.00428;0.3421940928
0.00429;0.3423598553
0.0043;0.3425256178
0.00431;0.3426913803
0.00432;0.3428571429
0.00433;0.3430229054
0.00434;0.3431886679
0.00435;0.3433544304
0.00436;0.3435201929
0.00437;0.3436859554
0.00438;0.3438517179
0.00439;0.3440174804
0.0044;0.3441832429
0.00441;0.3443490054
0.00442;0.3445147679
0.00443;0.3446805304
0.00444;0.3448462929
0.00445;0.3450120555
0.00446;0.345177818
0.00447;0.3453435805
0.00448;0.345509343
0.00449;0.3456751055
0.0045;0.345840868
0.00451;0.3460066305
0.00452;0.346172393
0.00453;0.3463381555
0.00454;0.346503918
0.00455;0.3466696805
0.00456;0.346835443
0.00457;0.3470012055
0.00458;0.3471669681
0.00459;0.3473327306
0.0046;0.3474984931
0.00461;0.3476642556
0.00462;0.3478300181
0.00463;0.3479957806
0.00464;0.3481615431
0.00465;0.3483273056
0.00466;0.3484930681
0.00467;0.3486588306
0.00468;0.3488245931
0.00469;0.3489903556
0.0047;0.3491561181
0.00471;0.3493218807
0.00472;0.3494876432
0.00473;0.3496534057
0.00474;0.3498191682
0.00475;0.3499849307
0.00476;0.3501506932
0.00477;0.3503164557
0.00478;0.3504822182
0.00479;0.3506479807
0.0048;0.3508137432
0.00481;0.3509795057
0.00482;0.3511452682
0.00483;0.3513110307
0.00484;0.3514767932
0.00485;0.3516425558
0.00486;0.3518083183
0.00487;0.3519740808
0.00488;0.3521398433
0.00489;0.3523056058
0.0049;0.3524713683
0.00491;0.3526371308
0.00492;0.3528028933
0.00493;0.3529686558
0.00494;0.3531344183
0.00495;0.3533001808
0.00496;0.3534659433
0.00497;0.3536317058
0.00498;0.3537974684
0.00499;0.3539632309
0.005;0.3541289934
0.00501;0.3542947559
0.00502;0.3544605184
0.00503;0.3546262809
0.00504;0.3547920434
0.00505;0.3549578059
0.00506;0.3551235684
0.00507;0.3552893309
0.00508;0.3554550934
0.00509;0.3556208559
0.0051;0.3557866184
0.00511;0.355952381
0.00512;0.3561181435
0.00513;0.356283906
0.00514;0.3564496685
0.00515;0.356615431
0.00516;0.3567811935
0.00517;0.356946956
0.00518;0.3571127185
0.00519;0.357278481
0.0052;0.3574442435
0.00521;0.357610006
0.00522;0.3577757685
0.00523;0.357941531
0.00524;0.3581072936
0.00525;0.3582730561
0.00526;0.3584388186
0.00527;0.3586045811
0.00528;0.3587703436
0.00529;0.3589361061
0.0053;0.3591018686
0.00531;0.3592676311
0.00532;0.3594333936
0.00533;0.3595991561
0.00534;0.3597649186
0.00535;0.3599306811
0.00536;0.3600964436
0.00537;0.3602622061
0.00538;0.3604279687
0.00539;0.3605937312
0.0054;0.3607594937
0.00541;0.3609252562
0.00542;0.3610910187
0.00543;0.3612567812
0.00544;0.3614225437
0.00545;0.3615883062
0.00546;0.3617540687
0.00547;0.3619198312
0.00548;0.3620855937
0.00549;0.3622513562
0.0055;0.3624171187
0.00551;0.3625828813
0.00552;0.3627486438
0.00553;0.3629144063
0.00554;0.3630801688
0.00555;0.3632459313
0.00556;0.3634116938
0.00557;0.3635774563
0.00558;0.3637432188
0.00559;0.3639089813
0.0056;0.3640747438
0.00561;0.3642405063
0.00562;0.3644062688
0.00563;0.3645720313
0.00564;0.3647377939
0.00565;0.3649035564
0.00566;0.3650693189
0.00567;0.3652350814
0.00568;0.3654008439
0.00569;0.3655666064
0.0057;0.3657323689
0.00571;0.3658981314
0.00572;0.3660638939
0.00573;0.3662296564
0.00574;0.3663954189
0.00575;0.3665611814
0.00576;0.3667269439
0.00577;0.3668927064
0.00578;0.367058469
0.00579;0.3672242315
0.0058;0.367389994
0.00581;0.3675557565
0.00582;0.367721519
0.00583;0.3678872815
0.00584;0.368053044
0.00585;0.3682188065
0.00586;0.368384569
0.00587;0.3685503315
0.00588;0.368716094
0.00589;0.3688818565
0.0059;0.369047619
0.00591;0.3692133816
0.00592;0.3693791441
0.00593;0.3695449066
0.00594;0.3697106691
0.00595;0.3698764316
0.00596;0.3700421941
0.00597;0.3702079566
0.00598;0.3703737191
0.00599;0.3705394816
0.006;0.3707052441
0.00601;0.3708710066
0.00602;0.3710367691
0.00603;0.3712025316
0.00604;0.3713682942
0.00605;0.3715340567
0.00606;0.3716998192
0.00607;0.3718655817
0.00608;0.3720313442
0.00609;0.3721971067
0.0061;0.3723628692
0.00611;0.3725286317
0.00612;0.3726943942
0.00613;0.3728601567
0.00614;0.3730259192
0.00615;0.3731916817
0.00616;0.3733574442
0.00617;0.3735232068
0.00618;0.3736889693
0.00619;0.3738547318
0.0062;0.3740204943
0.00621;0.3741862568
0.00622;0.3743520193
0.00623;0.3745177818
0.00624;0.3746835443
0.00625;0.3748493068
0.00626;0.3750150693
0.00627;0.3751808318
0.00628;0.3753465943
0.00629;0.3755123568
0.0063;0.3756781193
0.00631;0.3758438819
0.00632;0.3760096444
0.00633;0.3761754069
0.00634;0.3763411694
0.00635;0.3765069319
0.00636;0.3766726944
0.00637;0.3768384569
0.00638;0.3770042194
0.00639;0.3771699819
0.0064;0.3773357444
0.00641;0.3775015069
0.00642;0.3776672694
0.00643;0.3778330319
0.00644;0.3779987945
0.00645;0.378164557
0.00646;0.3783303195
0.00647;0.378496082
0.00648;0.3786618445
0.00649;0.378827607
0.0065;0.3789933695
0.00651;0.379159132
0.00652;0.3793248945
0.00653;0.379490657
0.00654;0.3796564195
0.00655;0.379822182
0.00656;0.3799879445
0.00657;0.3801537071
0.00658;0.3803194696
0.00659;0.3804852321
0.0066;0.3806509946
0.00661;0.3808167571
0.00662;0.3809825196
0.00663;0.3811482821
0.00664;0.3813140446
0.00665;0.3814798071
0.00666;0.3816455696
0.00667;0.3818113321
0.00668;0.3819770946
0.00669;0.3821428571
0.0067;0.3823086197
0.00671;0.3824743822
0.00672;0.3826401447
0.00673;0.3828059072
0.00674;0.3829716697
0.00675;0.3831374322
0.00676;0.3833031947
0.00677;0.3834689572
0.00678;0.3836347197
0.00679;0.3838004822
0.0068;0.3839662447
0.00681;0.3841320072
0.00682;0.3842977697
0.00683;0.3844635322
0.00684;0.3846292948
0.00685;0.3847950573
0.00686;0.3849608198
0.00687;0.3851265823
0.00688;0.3852923448
0.00689;0.3854581073
0.0069;0.3856238698
0.00691;0.3857896323
0.00692;0.3859553948
0.00693;0.3861211573
0.00694;0.3862869198
0.00695;0.3864526823
0.00696;0.3866184448
0.00697;0.3867842074
0.00698;0.3869499699
0.00699;0.3871157324
0.007;0.3872814949
0.00701;0.3874472574
0.00702;0.3876130199
0.00703;0.3877787824
0.00704;0.3879445449
0.00705;0.3881103074
0.00706;0.3882760699
0.00707;0.3884418324
0.00708;0.3886075949
0.00709;0.3887733574
0.0071;0.38893912
0.00711;0.3891048825
0.00712;0.389270645
0.00713;0.3894364075
0.00714;0.38960217
0.00715;0.3897679325
0.00716;0.389933695
0.00717;0.3900994575
0.00718;0.39026522
0.00719;0.3904309825
0.0072;0.390596745
0.00721;0.3907625075
0.00722;0.39092827
0.00723;0.3910940325
0.00724;0.3912597951
0.00725;0.3914255576
0.00726;0.3915913201
0.00727;0.3917570826
0.00728;0.3919228451
0.00729;0.3920886076
0.0073;0.3922543701
0.00731;0.3924201326
0.00732;0.3925858951
0.00733;0.3927516576
0.00734;0.3929174201
0.00735;0.3930831826
0.00736;0.3932489451
0.00737;0.3934147077
0.00738;0.3935804702
0.00739;0.3937462327
0.0074;0.3939119952
0.00741;0.3940777577
0.00742;0.3942435202
0.00743;0.3944092827
0.00744;0.3945750452
0.00745;0.3947408077
0.00746;0.3949065702
0.00747;0.3950723327
0.00748;0.3952380952
0.00749;0.3954038577
0.0075;0.3955696203
0.00751;0.3957353828
0.00752;0.3959011453
0.00753;0.3960669078
0.00754;0.3962326703
0.00755;0.3963984328
0.00756;0.3965641953
0.00757;0.3967299578
0.00758;0.3968957203
0.00759;0.3970614828
0.0076;0.3972272453
0.00761;0.3973930078
0.00762;0.3975587703
0.00763;0.3977245329
0.00764;0.3978902954
0.00765;0.3980560579
0.00766;0.3982218204
0.00767;0.3983875829
0.00768;0.3985533454
0.00769;0.3987191079
0.0077;0.3988848704
0.00771;0.3990506329
0.00772;0.3992163954
0.00773;0.3993821579
0.00774;0.3995479204
0.00775;0.3997136829
0.00776;0.3998794454
0.00777;0.400045208
0.00778;0.4002109705
0.00779;0.400376733
0.0078;0.4005424955
0.00781;0.400708258
0.00782;0.4008740205
0.00783;0.401039783
0.00784;0.4012055455
0.00785;0.401371308
0.00786;0.4015370705
0.00787;0.401702833
0.00788;0.4018685955
0.00789;0.402034358
0.0079;0.4022001206
0.00791;0.4023658831
0.00792;0.4025316456
0.00793;0.4026974081
0.00794;0.4028631706
0.00795;0.4030289331
0.00796;0.4031946956
0.00797;0.4033604581
0.00798;0.4035262206
0.00799;0.4036919831
0.008;0.4038577456
0.00801;0.4040235081
0.00802;0.4041892706
0.00803;0.4043550332
0.00804;0.4045207957
0.00805;0.4046865582
0.00806;0.4048523207
0.00807;0.4050180832
0.00808;0.4051838457
0.00809;0.4053496082
0.0081;0.4055153707
0.00811;0.4056811332
0.00812;0.4058468957
0.00813;0.4060126582
0.00814;0.4061784207
0.00815;0.4063441832
0.00816;0.4065099458
0.00817;0.4066757083
0.00818;0.4068414708
0.00819;0.4070072333
0.0082;0.4071729958
0.00821;0.4073387583
0.00822;0.4075045208
0.00823;0.4076702833
0.00824;0.4078360458
0.00825;0.4080018083
0.00826;0.4081675708
0.00827;0.4083333333
0.00828;0.4084990958
0.00829;0.4086648583
0.0083;0.4088306209
0.00831;0.4089963834
0.00832;0.4091621459
0.00833;0.4093279084
0.00834;0.4094936709
0.00835;0.4096594334
0.00836;0.4098251959
0.00837;0.4099909584
0.00838;0.4101567209
0.00839;0.4103224834
0.0084;0.4104882459
0.00841;0.4106540084
0.00842;0.4108197709
0.00843;0.4109855335
0.00844;0.411151296
0.00845;0.4113170585
0.00846;0.411482821
0.00847;0.4116485835
0.00848;0.411814346
0.00849;0.4119801085
0.0085;0.412145871
0.00851;0.4123116335
0.00852;0.412477396
0.00853;0.4126431585
0.00854;0.412808921
0.00855;0.4129746835
0.00856;0.4131404461
0.00857;0.4133062086
0.00858;0.4134719711
0.00859;0.4136377336
0.0086;0.4138034961
0.00861;0.4139692586
0.00862;0.4141350211
0.00863;0.4143007836
0.00864;0.4144665461
0.00865;0.4146323086
0.00866;0.4147980711
0.00867;0.4149638336
0.00868;0.4151295961
0.00869;0.4152953586
0.0087;0.4154611212
0.00871;0.4156268837
0.00872;0.4157926462
0.00873;0.4159584087
0.00874;0.4161241712
0.00875;0.4162899337
0.00876;0.4164556962
0.00877;0.4166214587
0.00878;0.4167872212
0.00879;0.4169529837
0.0088;0.4171187462
0.00881;0.4172845087
0.00882;0.4174502712
0.00883;0.4176160338
0.00884;0.4177817963
0.00885;0.4179475588
0.00886;0.4181133213
0.00887;0.4182790838
0.00888;0.4184448463
0.00889;0.4186106088
0.0089;0.4187763713
0.00891;0.4189421338
0.00892;0.4191078963
0.00893;0.4192736588
0.00894;0.4194394213
0.00895;0.4196051838
0.00896;0.4197709464
0.00897;0.4199367089
0.00898;0.4201024714
0.00899;0.4202682339
0.009;0.4204339964
0.00901;0.4205997589
0.00902;0.4207655214
0.00903;0.4209312839
0.00904;0.4210970464
0.00905;0.4212628089
0.00906;0.4214285714
0.00907;0.4215943339
0.00908;0.4217600964
0.00909;0.421925859
0.0091;0.4220916215
0.00911;0.422257384
0.00912;0.4224231465
0.00913;0.422588909
0.00914;0.4227546715
0.00915;0.422920434
0.00916;0.4230861965
0.00917;0.423251959
0.00918;0.4234177215
0.00919;0.423583484
0.0092;0.4237492465
0.00921;0.423915009
0.00922;0.4240807715
0.00923;0.4242465341
0.00924;0.4244122966
0.00925;0.4245780591
0.00926;0.4247438216
0.00927;0.4249095841
0.00928;0.4250753466
0.00929;0.4252411091
0.0093;0.4254068716
0.00931;0.4255726341
0.00932;0.4257383966
0.00933;0.4259041591
0.00934;0.4260699216
0.00935;0.4262356841
0.00936;0.4264014467
0.00937;0.4265672092
0.00938;0.4267329717
0.00939;0.4268987342
0.0094;0.4270644967
0.00941;0.4272302592
0.00942;0.4273960217
0.00943;0.4275617842
0.00944;0.4277275467
0.00945;0.4278933092
0.00946;0.4280590717
0.00947;0.4282248342
0.00948;0.4283905967
0.00949;0.4285563593
0.0095;0.4287221218
0.00951;0.4288878843
0.00952;0.4290536468
0.00953;0.4292194093
0.00954;0.4293851718
0.00955;0.4295509343
0.00956;0.4297166968
0.00957;0.4298824593
0.00958;0.4300482218
0.00959;0.4302139843
0.0096;0.4303797468
0.00961;0.4305455093
0.00962;0.4307112719
0.00963;0.4308770344
0.00964;0.4310427969
0.00965;0.4312085594
0.00966;0.4313743219
0.00967;0.4315400844
0.00968;0.4317058469
0.00969;0.4318716094
0.0097;0.4320373719
0.00971;0.4322031344
0.00972;0.4323688969
0.00973;0.4325346594
0.00974;0.4327004219
0.00975;0.4328661844
0.00976;0.433031947
0.00977;0.4331977095
0.00978;0.433363472
0.00979;0.4335292345
0.0098;0.433694997
0.00981;0.4338607595
0.00982;0.434026522
0.00983;0.4341922845
0.00984;0.434358047
0.00985;0.4345238095
0.00986;0.434689572
0.00987;0.4348553345
0.00988;0.435021097
0.00989;0.4351868596
0.0099;0.4353526221
0.00991;0.4355183846
0.00992;0.4356841471
0.00993;0.4358499096
0.00994;0.4360156721
0.00995;0.4361814346
0.00996;0.4363471971
0.00997;0.4365129596
0.00998;0.4366787221
0.00999;0.4368444846
0.01;0.4370102471
0.01001;0.4371760096
0.01002;0.4373417722
0.01003;0.4375075347
0.01004;0.4376732972
0.01005;0.4378390597
0.01006;0.4380048222
0.01007;0.4381705847
0.01008;0.4383363472
0.01009;0.4385021097
0.0101;0.4386678722
0.01011;0.4388336347
0.01012;0.4389993972
0.01013;0.4391651597
0.01014;0.4393309222
0.01015;0.4394966847
0.01016;0.4396624473
0.01017;0.4398282098
0.01018;0.4399939723
0.01019;0.4401597348
0.0102;0.4403254973
0.01021;0.4404912598
0.01022;0.4406570223
0.01023;0.4408227848
0.01024;0.4409885473
0.01025;0.4411543098
0.01026;0.4413200723
0.01027;0.4414858348
0.01028;0.4416515973
0.01029;0.4418173599
0.0103;0.4419831224
0.01031;0.4421488849
0.01032;0.4423146474
0.01033;0.4424804099
0.01034;0.4426461724
0.01035;0.4428119349
0.01036;0.4429776974
0.01037;0.4431434599
0.01038;0.4433092224
0.01039;0.4434749849
0.0104;0.4436407474
0.01041;0.4438065099
0.01042;0.4439722725
0.01043;0.444138035
0.01044;0.4443037975
0.01045;0.44446956
0.01046;0.4446353225
0.01047;0.444801085
0.01048;0.4449668475
0.01049;0.44513261
0.0105;0.4452983725
0.01051;0.445464135
0.01052;0.4456298975
0.01053;0.44579566
0.01054;0.4459614225
0.01055;0.4461271851
0.01056;0.4462929476
0.01057;0.4464587101
0.01058;0.4466244726
0.01059;0.4467902351
0.0106;0.4469559976
0.01061;0.4471217601
0.01062;0.4472875226
0.01063;0.4474532851
0.01064;0.4476190476
0.01065;0.4477848101
0.01066;0.4479505726
0.01067;0.4481163351
0.01068;0.4482820976
0.01069;0.4484478602
0.0107;0.4486136227
0.01071;0.4487793852
0.01072;0.4489451477
0.01073;0.4491109102
0.01074;0.4492766727
0.01075;0.4494424352
0.01076;0.4496081977
0.01077;0.4497739602
0.01078;0.4499397227
0.01079;0.4501054852
0.0108;0.4502712477
0.01081;0.4504370102
0.01082;0.4506027728
0.01083;0.4507685353
0.01084;0.4509342978
0.01085;0.4511000603
0.01086;0.4512658228
0.01087;0.4514315853
0.01088;0.4515973478
0.01089;0.4517631103
0.0109;0.4519288728
0.01091;0.4520946353
0.01092;0.4522603978
0.01093;0.4524261603
0.01094;0.4525919228
0.01095;0.4527576854
0.01096;0.4529234479
0.01097;0.4530892104
0.01098;0.4532549729
0.01099;0.4534207354
0.011;0.4535864979
0.01101;0.4537522604
0.01102;0.4539180229
0.01103;0.4540837854
0.01104;0.4542495479
0.01105;0.4544153104
0.01106;0.4545810729
0.01107;0.4547468354
0.01108;0.454912598
0.01109;0.4550783605
0.0111;0.455244123
0.01111;0.4554098855
0.01112;0.455575648
0.01113;0.4557414105
0.01114;0.455907173
0.01115;0.4560729355
0.01116;0.456238698
0.01117;0.4564044605
0.01118;0.456570223
0.01119;0.4567359855
0.0112;0.456901748
0.01121;0.4570675105
0.01122;0.4572332731
0.01123;0.4573990356
0.01124;0.4575647981
0.01125;0.4577305606
0.01126;0.4578963231
0.01127;0.4580620856
0.01128;0.4582278481
0.01129;0.4583936106
0.0113;0.4585593731
0.01131;0.4587251356
0.01132;0.4588908981
0.01133;0.4590566606
0.01134;0.4592224231
0.01135;0.4593881857
0.01136;0.4595539482
0.01137;0.4597197107
0.01138;0.4598854732
0.01139;0.4600512357
0.0114;0.4602169982
0.01141;0.4603827607
0.01142;0.4605485232
0.01143;0.4607142857
0.01144;0.4608800482
0.01145;0.4610458107
0.01146;0.4612115732
0.01147;0.4613773357
0.01148;0.4615430983
0.01149;0.4617088608
0.0115;0.4618746233
0.01151;0.4620403858
0.01152;0.4622061483
0.01153;0.4623719108
0.01154;0.4625376733
0.01155;0.4627034358
0.01156;0.4628691983
0.01157;0.4630349608
0.01158;0.4632007233
0.01159;0.4633664858
0.0116;0.4635322483
0.01161;0.4636980108
0.01162;0.4638637734
0.01163;0.4640295359
0.01164;0.4641952984
0.01165;0.4643610609
0.01166;0.4645268234
0.01167;0.4646925859
0.01168;0.4648583484
0.01169;0.4650241109
0.0117;0.4651898734
0.01171;0.4653556359
0.01172;0.4655213984
0.01173;0.4656871609
0.01174;0.4658529234
0.01175;0.466018686
0.01176;0.4661844485
0.01177;0.466350211
0.01178;0.4665159735
0.01179;0.466681736
0.0118;0.4668474985
0.01181;0.467013261
0.01182;0.4671790235
0.01183;0.467344786
0.01184;0.4675105485
0.01185;0.467676311
0.01186;0.4678420735
0.01187;0.468007836
0.01188;0.4681735986
0.01189;0.4683393611
0.0119;0.4685051236
0.01191;0.4686708861
0.01192;0.4688366486
0.01193;0.4690024111
0.01194;0.4691681736
0.01195;0.4693339361
0.01196;0.4694996986
0.01197;0.4696654611
0.01198;0.4698312236
0.01199;0.4699969861
0.012;0.4701627486
0.01201;0.4703285112
0.01202;0.4704942737
0.01203;0.4706600362
0.01204;0.4708257987
0.01205;0.4709915612
0.01206;0.4711573237
0.01207;0.4713230862
0.01208;0.4714888487
0.01209;0.4716546112
0.0121;0.4718203737
0.01211;0.4719861362
0.01212;0.4721518987
0.01213;0.4723176612
0.01214;0.4724834237
0.01215;0.4726491863
0.01216;0.4728149488
0.01217;0.4729807113
0.01218;0.4731464738
0.01219;0.4733122363
0.0122;0.4734779988
0.01221;0.4736437613
0.01222;0.4738095238
0.01223;0.4739752863
0.01224;0.4741410488
0.01225;0.4743068113
0.01226;0.4744725738
0.01227;0.4746383363
0.01228;0.4748040989
0.01229;0.4749698614
0.0123;0.4751356239
0.01231;0.4753013864
0.01232;0.4754671489
0.01233;0.4756329114
0.01234;0.4757986739
0.01235;0.4759644364
0.01236;0.4761301989
0.01237;0.4762959614
0.01238;0.4764617239
0.01239;0.4766274864
0.0124;0.4767932489
0.01241;0.4769590115
0.01242;0.477124774
0.01243;0.4772905365
0.01244;0.477456299
0.01245;0.4776220615
0.01246;0.477787824
0.01247;0.4779535865
0.01248;0.478119349
0.01249;0.4782851115
0.0125;0.478450874
0.01251;0.4786166365
0.01252;0.478782399
0.01253;0.4789481615
0.01254;0.4791139241
0.01255;0.4792796866
0.01256;0.4794454491
0.01257;0.4796112116
0.01258;0.4797769741
0.01259;0.4799427366
0.0126;0.4801084991
0.01261;0.4802742616
0.01262;0.4804400241
0.01263;0.4806057866
0.01264;0.4807715491
0.01265;0.4809373116
0.01266;0.4811030741
0.01267;0.4812688366
0.01268;0.4814345992
0.01269;0.4816003617
0.0127;0.4817661242
0.01271;0.4819318867
0.01272;0.4820976492
0.01273;0.4822634117
0.01274;0.4824291742
0.01275;0.4825949367
0.01276;0.4827606992
0.01277;0.4829264617
0.01278;0.4830922242
0.01279;0.4832579867
0.0128;0.4834237492
0.01281;0.4835895118
0.01282;0.4837552743
0.01283;0.4839210368
0.01284;0.4840867993
0.01285;0.4842525618
0.01286;0.4844183243
0.01287;0.4845840868
0.01288;0.4847498493
0.01289;0.4849156118
0.0129;0.4850813743
0.01291;0.4852471368
0.01292;0.4854128993
0.01293;0.4855786618
0.01294;0.4857444244
0.01295;0.4859101869
0.01296;0.4860759494
0.01297;0.4862417119
0.01298;0.4864074744
0.01299;0.4865732369
0.013;0.4867389994
0.01301;0.4869047619
0.01302;0.4870705244
0.01303;0.4872362869
0.01304;0.4874020494
0.01305;0.4875678119
0.01306;0.4877335744
0.01307;0.4878993369
0.01308;0.4880650995
0.01309;0.488230862
0.0131;0.4883966245
0.01311;0.488562387
0.01312;0.4887281495
0.01313;0.488893912
0.01314;0.4890596745
0.01315;0.489225437
0.01316;0.4893911995
0.01317;0.489556962
0.01318;0.4897227245
0.01319;0.489888487
0.0132;0.4900542495
0.01321;0.4902200121
0.01322;0.4903857746
0.01323;0.4905515371
0.01324;0.4907172996
0.01325;0.4908830621
0.01326;0.4910488246
0.01327;0.4912145871
0.01328;0.4913803496
0.01329;0.4915461121
0.0133;0.4917118746
0.01331;0.4918776371
0.01332;0.4920433996
0.01333;0.4922091621
0.01334;0.4923749247
0.01335;0.4925406872
0.01336;0.4927064497
0.01337;0.4928722122
0.01338;0.4930379747
0.01339;0.4932037372
0.0134;0.4933694997
0.01341;0.4935352622
0.01342;0.4937010247
0.01343;0.4938667872
0.01344;0.4940325497
0.01345;0.4941983122
0.01346;0.4943640747
0.01347;0.4945298373
0.01348;0.4946955998
0.01349;0.4948613623
0.0135;0.4950271248
0.01351;0.4951928873
0.01352;0.4953586498
0.01353;0.4955244123
0.01354;0.4956901748
0.01355;0.4958559373
0.01356;0.4960216998
0.01357;0.4961874623
0.01358;0.4963532248
0.01359;0.4965189873
0.0136;0.4966847498
0.01361;0.4968505124
0.01362;0.4970162749
0.01363;0.4971820374
0.01364;0.4973477999
0.01365;0.4975135624
0.01366;0.4976793249
0.01367;0.4978450874
0.01368;0.4980108499
0.01369;0.4981766124
0.0137;0.4983423749
0.01371;0.4985081374
0.01372;0.4986738999
0.01373;0.4988396624
0.01374;0.499005425
0.01375;0.4991711875
0.01376;0.49933695
0.01377;0.4995027125
0.01378;0.499668475
0.01379;0.4998342375
0.0138;0.5
0.01381;0.5001657625
0.01382;0.500331525
0.01383;0.5004972875
0.01384;0.50066305
0.01385;0.5008288125
0.01386;0.500994575
0.01387;0.5011603376
0.01388;0.5013261001
0.01389;0.5014918626
0.0139;0.5016576251
0.01391;0.5018233876
0.01392;0.5019891501
0.01393;0.5021549126
0.01394;0.5023206751
0.01395;0.5024864376
0.01396;0.5026522001
0.01397;0.5028179626
0.01398;0.5029837251
0.01399;0.5031494876
0.014;0.5033152502
0.01401;0.5034810127
0.01402;0.5036467752
0.01403;0.5038125377
0.01404;0.5039783002
0.01405;0.5041440627
0.01406;0.5043098252
0.01407;0.5044755877
0.01408;0.5046413502
0.01409;0.5048071127
0.0141;0.5049728752
0.01411;0.5051386377
0.01412;0.5053044002
0.01413;0.5054701627
0.01414;0.5056359253
0.01415;0.5058016878
0.01416;0.5059674503
0.01417;0.5061332128
0.01418;0.5062989753
0.01419;0.5064647378
0.0142;0.5066305003
0.01421;0.5067962628
0.01422;0.5069620253
0.01423;0.5071277878
0.01424;0.5072935503
0.01425;0.5074593128
0.01426;0.5076250753
0.01427;0.5077908379
0.01428;0.5079566004
0.01429;0.5081223629
0.0143;0.5082881254
0.01431;0.5084538879
0.01432;0.5086196504
0.01433;0.5087854129
0.01434;0.5089511754
0.01435;0.5091169379
0.01436;0.5092827004
0.01437;0.5094484629
0.01438;0.5096142254
0.01439;0.5097799879
0.0144;0.5099457505
0.01441;0.510111513
0.01442;0.5102772755
0.01443;0.510443038
0.01444;0.5106088005
0.01445;0.510774563
0.01446;0.5109403255
0.01447;0.511106088
0.01448;0.5112718505
0.01449;0.511437613
0.0145;0.5116033755
0.01451;0.511769138
0.01452;0.5119349005
0.01453;0.5121006631
0.01454;0.5122664256
0.01455;0.5124321881
0.01456;0.5125979506
0.01457;0.5127637131
0.01458;0.5129294756
0.01459;0.5130952381
0.0146;0.5132610006
0.01461;0.5134267631
0.01462;0.5135925256
0.01463;0.5137582881
0.01464;0.5139240506
0.01465;0.5140898131
0.01466;0.5142555756
0.01467;0.5144213382
0.01468;0.5145871007
0.01469;0.5147528632
0.0147;0.5149186257
0.01471;0.5150843882
0.01472;0.5152501507
0.01473;0.5154159132
0.01474;0.5155816757
0.01475;0.5157474382
0.01476;0.5159132007
0.01477;0.5160789632
0.01478;0.5162447257
0.01479;0.5164104882
0.0148;0.5165762508
0.01481;0.5167420133
0.01482;0.5169077758
0.01483;0.5170735383
0.01484;0.5172393008
0.01485;0.5174050633
0.01486;0.5175708258
0.01487;0.5177365883
0.01488;0.5179023508
0.01489;0.5180681133
0.0149;0.5182338758
0.01491;0.5183996383
0.01492;0.5185654008
0.01493;0.5187311634
0.01494;0.5188969259
0.01495;0.5190626884
0.01496;0.5192284509
0.01497;0.5193942134
0.01498;0.5195599759
0.01499;0.5197257384
0.015;0.5198915009
0.01501;0.5200572634
0.01502;0.5202230259
0.01503;0.5203887884
0.01504;0.5205545509
0.01505;0.5207203134
0.01506;0.5208860759
0.01507;0.5210518385
0.01508;0.521217601
0.01509;0.5213833635
0.0151;0.521549126
0.01511;0.5217148885
0.01512;0.521880651
0.01513;0.5220464135
0.01514;0.522212176
0.01515;0.5223779385
0.01516;0.522543701
0.01517;0.5227094635
0.01518;0.522875226
0.01519;0.5230409885
0.0152;0.5232067511
0.01521;0.5233725136
0.01522;0.5235382761
0.01523;0.5237040386
0.01524;0.5238698011
0.01525;0.5240355636
0.01526;0.5242013261
0.01527;0.5243670886
0.01528;0.5245328511
0.01529;0.5246986136
0.0153;0.5248643761
0.01531;0.5250301386
0.01532;0.5251959011
0.01533;0.5253616637
0.01534;0.5255274262
0.01535;0.5256931887
0.01536;0.5258589512
0.01537;0.5260247137
0.01538;0.5261904762
0.01539;0.5263562387
0.0154;0.5265220012
0.01541;0.5266877637
0.01542;0.5268535262
0.01543;0.5270192887
0.01544;0.5271850512
0.01545;0.5273508137
0.01546;0.5275165763
0.01547;0.5276823388
0.01548;0.5278481013
0.01549;0.5280138638
0.0155;0.5281796263
0.01551;0.5283453888
0.01552;0.5285111513
0.01553;0.5286769138
0.01554;0.5288426763
0.01555;0.5290084388
0.01556;0.5291742013
0.01557;0.5293399638
0.01558;0.5295057263
0.01559;0.5296714888
0.0156;0.5298372514
0.01561;0.5300030139
0.01562;0.5301687764
0.01563;0.5303345389
0.01564;0.5305003014
0.01565;0.5306660639
0.01566;0.5308318264
0.01567;0.5309975889
0.01568;0.5311633514
0.01569;0.5313291139
0.0157;0.5314948764
0.01571;0.5316606389
0.01572;0.5318264014
0.01573;0.531992164
0.01574;0.5321579265
0.01575;0.532323689
0.01576;0.5324894515
0.01577;0.532655214
0.01578;0.5328209765
0.01579;0.532986739
0.0158;0.5331525015
0.01581;0.533318264
0.01582;0.5334840265
0.01583;0.533649789
0.01584;0.5338155515
0.01585;0.533981314
0.01586;0.5341470766
0.01587;0.5343128391
0.01588;0.5344786016
0.01589;0.5346443641
0.0159;0.5348101266
0.01591;0.5349758891
0.01592;0.5351416516
0.01593;0.5353074141
0.01594;0.5354731766
0.01595;0.5356389391
0.01596;0.5358047016
0.01597;0.5359704641
0.01598;0.5361362266
0.01599;0.5363019892
0.016;0.5364677517
0.01601;0.5366335142
0.01602;0.5367992767
0.01603;0.5369650392
0.01604;0.5371308017
0.01605;0.5372965642
0.01606;0.5374623267
0.01607;0.5376280892
0.01608;0.5377938517
0.01609;0.5379596142
0.0161;0.5381253767
0.01611;0.5382911392
0.01612;0.5384569017
0.01613;0.5386226643
0.01614;0.5387884268
0.01615;0.5389541893
0.01616;0.5391199518
0.01617;0.5392857143
0.01618;0.5394514768
0.01619;0.5396172393
0.0162;0.5397830018
0.01621;0.5399487643
0.01622;0.5401145268
0.01623;0.5402802893
0.01624;0.5404460518
0.01625;0.5406118143
0.01626;0.5407775769
0.01627;0.5409433394
0.01628;0.5411091019
0.01629;0.5412748644
0.0163;0.5414406269
0.01631;0.5416063894
0.01632;0.5417721519
0.01633;0.5419379144
0.01634;0.5421036769
0.01635;0.5422694394
0.01636;0.5424352019
0.01637;0.5426009644
0.01638;0.5427667269
0.01639;0.5429324895
0.0164;0.543098252
0.01641;0.5432640145
0.01642;0.543429777
0.01643;0.5435955395
0.01644;0.543761302
0.01645;0.5439270645
0.01646;0.544092827
0.01647;0.5442585895
0.01648;0.544424352
0.01649;0.5445901145
0.0165;0.544755877
0.01651;0.5449216395
0.01652;0.545087402
0.01653;0.5452531646
0.01654;0.5454189271
0.01655;0.5455846896
0.01656;0.5457504521
0.01657;0.5459162146
0.01658;0.5460819771
0.01659;0.5462477396
0.0166;0.5464135021
0.01661;0.5465792646
0.01662;0.5467450271
0.01663;0.5469107896
0.01664;0.5470765521
0.01665;0.5472423146
0.01666;0.5474080772
0.01667;0.5475738397
0.01668;0.5477396022
0.01669;0.5479053647
0.0167;0.5480711272
0.01671;0.5482368897
0.01672;0.5484026522
0.01673;0.5485684147
0.01674;0.5487341772
0.01675;0.5488999397
0.01676;0.5490657022
0.01677;0.5492314647
0.01678;0.5493972272
0.01679;0.5495629898
0.0168;0.5497287523
0.01681;0.5498945148
0.01682;0.5500602773
0.01683;0.5502260398
0.01684;0.5503918023
0.01685;0.5505575648
0.01686;0.5507233273
0.01687;0.5508890898
0.01688;0.5510548523
0.01689;0.5512206148
0.0169;0.5513863773
0.01691;0.5515521398
0.01692;0.5517179024
0.01693;0.5518836649
0.01694;0.5520494274
0.01695;0.5522151899
0.01696;0.5523809524
0.01697;0.5525467149
0.01698;0.5527124774
0.01699;0.5528782399
0.017;0.5530440024
0.01701;0.5532097649
0.01702;0.5533755274
0.01703;0.5535412899
0.01704;0.5537070524
0.01705;0.5538728149
0.01706;0.5540385775
0.01707;0.55420434
0.01708;0.5543701025
0.01709;0.554535865
0.0171;0.5547016275
0.01711;0.55486739
0.01712;0.5550331525
0.01713;0.555198915
0.01714;0.5553646775
0.01715;0.55553044
0.01716;0.5556962025
0.01717;0.555861965
0.01718;0.5560277275
0.01719;0.5561934901
0.0172;0.5563592526
0.01721;0.5565250151
0.01722;0.5566907776
0.01723;0.5568565401
0.01724;0.5570223026
0.01725;0.5571880651
0.01726;0.5573538276
0.01727;0.5575195901
0.01728;0.5576853526
0.01729;0.5578511151
0.0173;0.5580168776
0.01731;0.5581826401
0.01732;0.5583484027
0.01733;0.5585141652
0.01734;0.5586799277
0.01735;0.5588456902
0.01736;0.5590114527
0.01737;0.5591772152
0.01738;0.5593429777
0.01739;0.5595087402
0.0174;0.5596745027
0.01741;0.5598402652
0.01742;0.5600060277
0.01743;0.5601717902
0.01744;0.5603375527
0.01745;0.5605033153
0.01746;0.5606690778
0.01747;0.5608348403
0.01748;0.5610006028
0.01749;0.5611663653
0.0175;0.5613321278
0.01751;0.5614978903
0.01752;0.5616636528
0.01753;0.5618294153
0.01754;0.5619951778
0.01755;0.5621609403
0.01756;0.5623267028
0.01757;0.5624924653
0.01758;0.5626582278
0.01759;0.5628239904
0.0176;0.5629897529
0.01761;0.5631555154
0.01762;0.5633212779
0.01763;0.5634870404
0.01764;0.5636528029
0.01765;0.5638185654
0.01766;0.5639843279
0.01767;0.5641500904
0.01768;0.5643158529
0.01769;0.5644816154
0.0177;0.5646473779
0.01771;0.5648131404
0.01772;0.564978903
0.01773;0.5651446655
0.01774;0.565310428
0.01775;0.5654761905
0.01776;0.565641953
0.01777;0.5658077155
0.01778;0.565973478
0.01779;0.5661392405
0.0178;0.566305003
0.01781;0.5664707655
0.01782;0.566636528
0.01783;0.5668022905
0.01784;0.566968053
0.01785;0.5671338156
0.01786;0.5672995781
0.01787;0.5674653406
0.01788;0.5676311031
0.01789;0.5677968656
0.0179;0.5679626281
0.01791;0.5681283906
0.01792;0.5682941531
0.01793;0.5684599156
0.01794;0.5686256781
0.01795;0.5687914406
0.01796;0.5689572031
0.01797;0.5691229656
0.01798;0.5692887281
0.01799;0.5694544907
0.018;0.5696202532
0.01801;0.5697860157
0.01802;0.5699517782
0.01803;0.5701175407
0.01804;0.5702833032
0.01805;0.5704490657
0.01806;0.5706148282
0.01807;0.5707805907
0.01808;0.5709463532
0.01809;0.5711121157
0.0181;0.5712778782
0.01811;0.5714436407
0.01812;0.5716094033
0.01813;0.5717751658
0.01814;0.5719409283
0.01815;0.5721066908
0.01816;0.5722724533
0.01817;0.5724382158
0.01818;0.5726039783
0.01819;0.5727697408
0.0182;0.5729355033
0.01821;0.5731012658
0.01822;0.5732670283
0.01823;0.5734327908
0.01824;0.5735985533
0.01825;0.5737643159
0.01826;0.5739300784
0.01827;0.5740958409
0.01828;0.5742616034
0.01829;0.5744273659
0.0183;0.5745931284
0.01831;0.5747588909
0.01832;0.5749246534
0.01833;0.5750904159
0.01834;0.5752561784
0.01835;0.5754219409
0.01836;0.5755877034
0.01837;0.5757534659
0.01838;0.5759192285
0.01839;0.576084991
0.0184;0.5762507535
0.01841;0.576416516
0.01842;0.5765822785
0.01843;0.576748041
0.01844;0.5769138035
0.01845;0.577079566
0.01846;0.5772453285
0.01847;0.577411091
0.01848;0.5775768535
0.01849;0.577742616
0.0185;0.5779083785
0.01851;0.578074141
0.01852;0.5782399036
0.01853;0.5784056661
0.01854;0.5785714286
0.01855;0.5787371911
0.01856;0.5789029536
0.01857;0.5790687161
0.01858;0.5792344786
0.01859;0.5794002411
0.0186;0.5795660036
0.01861;0.5797317661
0.01862;0.5798975286
0.01863;0.5800632911
0.01864;0.5802290536
0.01865;0.5803948162
0.01866;0.5805605787
0.01867;0.5807263412
0.01868;0.5808921037
0.01869;0.5810578662
0.0187;0.5812236287
0.01871;0.5813893912
0.01872;0.5815551537
0.01873;0.5817209162
0.01874;0.5818866787
0.01875;0.5820524412
0.01876;0.5822182037
0.01877;0.5823839662
0.01878;0.5825497288
0.01879;0.5827154913
0.0188;0.5828812538
0.01881;0.5830470163
0.01882;0.5832127788
0.01883;0.5833785413
0.01884;0.5835443038
0.01885;0.5837100663
0.01886;0.5838758288
0.01887;0.5840415913
0.01888;0.5842073538
0.01889;0.5843731163
0.0189;0.5845388788
0.01891;0.5847046414
0.01892;0.5848704039
0.01893;0.5850361664
0.01894;0.5852019289
0.01895;0.5853676914
0.01896;0.5855334539
0.01897;0.5856992164
0.01898;0.5858649789
0.01899;0.5860307414
0.019;0.5861965039
0.01901;0.5863622664
0.01902;0.5865280289
0.01903;0.5866937914
0.01904;0.5868595539
0.01905;0.5870253165
0.01906;0.587191079
0.01907;0.5873568415
0.01908;0.587522604
0.01909;0.5876883665
0.0191;0.587854129
0.01911;0.5880198915
0.01912;0.588185654
0.01913;0.5883514165
0.01914;0.588517179
0.01915;0.5886829415
0.01916;0.588848704
0.01917;0.5890144665
0.01918;0.5891802291
0.01919;0.5893459916
0.0192;0.5895117541
0.01921;0.5896775166
0.01922;0.5898432791
0.01923;0.5900090416
0.01924;0.5901748041
0.01925;0.5903405666
0.01926;0.5905063291
0.01927;0.5906720916
0.01928;0.5908378541
0.01929;0.5910036166
0.0193;0.5911693791
0.01931;0.5913351417
0.01932;0.5915009042
0.01933;0.5916666667
0.01934;0.5918324292
0.01935;0.5919981917
0.01936;0.5921639542
0.01937;0.5923297167
0.01938;0.5924954792
0.01939;0.5926612417
0.0194;0.5928270042
0.01941;0.5929927667
0.01942;0.5931585292
0.01943;0.5933242917
0.01944;0.5934900542
0.01945;0.5936558168
0.01946;0.5938215793
0.01947;0.5939873418
0.01948;0.5941531043
0.01949;0.5943188668
0.0195;0.5944846293
0.01951;0.5946503918
0.01952;0.5948161543
0.01953;0.5949819168
0.01954;0.5951476793
0.01955;0.5953134418
0.01956;0.5954792043
0.01957;0.5956449668
0.01958;0.5958107294
0.01959;0.5959764919
0.0196;0.5961422544
0.01961;0.5963080169
0.01962;0.5964737794
0.01963;0.5966395419
0.01964;0.5968053044
0.01965;0.5969710669
0.01966;0.5971368294
0.01967;0.5973025919
0.01968;0.5974683544
0.01969;0.5976341169
0.0197;0.5977998794
0.01971;0.597965642
0.01972;0.5981314045
0.01973;0.598297167
0.01974;0.5984629295
0.01975;0.598628692
0.01976;0.5987944545
0.01977;0.598960217
0.01978;0.5991259795
0.01979;0.599291742
0.0198;0.5994575045
0.01981;0.599623267
0.01982;0.5997890295
0.01983;0.599954792
0.01984;0.6001205546
0.01985;0.6002863171
0.01986;0.6004520796
0.01987;0.6006178421
0.01988;0.6007836046
0.01989;0.6009493671
0.0199;0.6011151296
0.01991;0.6012808921
0.01992;0.6014466546
0.01993;0.6016124171
0.01994;0.6017781796
0.01995;0.6019439421
0.01996;0.6021097046
0.01997;0.6022754671
0.01998;0.6024412297
0.01999;0.6026069922
0.02;0.6027727547
0.02001;0.6029385172
0.02002;0.6031042797
0.02003;0.6032700422
0.02004;0.6034358047
0.02005;0.6036015672
0.02006;0.6037673297
0.02007;0.6039330922
0.02008;0.6040988547
0.02009;0.6042646172
0.0201;0.6044303797
0.02011;0.6045961423
0.02012;0.6047619048
0.02013;0.6049276673
0.02014;0.6050934298
0.02015;0.6052591923
0.02016;0.6054249548
0.02017;0.6055907173
0.02018;0.6057564798
0.02019;0.6059222423
0.0202;0.6060880048
0.02021;0.6062537673
0.02022;0.6064195298
0.02023;0.6065852923
0.02024;0.6067510549
0.02025;0.6069168174
0.02026;0.6070825799
0.02027;0.6072483424
0.02028;0.6074141049
0.02029;0.6075798674
0.0203;0.6077456299
0.02031;0.6079113924
0.02032;0.6080771549
0.02033;0.6082429174
0.02034;0.6084086799
0.02035;0.6085744424
0.02036;0.6087402049
0.02037;0.6089059675
0.02038;0.60907173
0.02039;0.6092374925
0.0204;0.609403255
0.02041;0.6095690175
0.02042;0.60973478
0.02043;0.6099005425
0.02044;0.610066305
0.02045;0.6102320675
0.02046;0.61039783
0.02047;0.6105635925
0.02048;0.610729355
0.02049;0.6108951175
0.0205;0.61106088
0.02051;0.6112266426
0.02052;0.6113924051
0.02053;0.6115581676
0.02054;0.6117239301
0.02055;0.6118896926
0.02056;0.6120554551
0.02057;0.6122212176
0.02058;0.6123869801
0.02059;0.6125527426
0.0206;0.6127185051
0.02061;0.6128842676
0.02062;0.6130500301
0.02063;0.6132157926
0.02064;0.6133815552
0.02065;0.6135473177
0.02066;0.6137130802
0.02067;0.6138788427
0.02068;0.6140446052
0.02069;0.6142103677
0.0207;0.6143761302
0.02071;0.6145418927
0.02072;0.6147076552
0.02073;0.6148734177
0.02074;0.6150391802
0.02075;0.6152049427
0.02076;0.6153707052
0.02077;0.6155364678
0.02078;0.6157022303
0.02079;0.6158679928
0.0208;0.6160337553
0.02081;0.6161995178
0.02082;0.6163652803
0.02083;0.6165310428
0.02084;0.6166968053
0.02085;0.6168625678
0.02086;0.6170283303
0.02087;0.6171940928
0.02088;0.6173598553
0.02089;0.6175256178
0.0209;0.6176913803
0.02091;0.6178571429
0.02092;0.6180229054
0.02093;0.6181886679
0.02094;0.6183544304
0.02095;0.6185201929
0.02096;0.6186859554
0.02097;0.6188517179
0.02098;0.6190174804
0.02099;0.6191832429
0.021;0.6193490054
0.02101;0.6195147679
0.02102;0.6196805304
0.02103;0.6198462929
0.02104;0.6200120555
0.02105;0.620177818
0.02106;0.6203435805
0.02107;0.620509343
0.02108;0.6206751055
0.02109;0.620840868
0.0211;0.6210066305
0.02111;0.621172393
0.02112;0.6213381555
0.02113;0.621503918
0.02114;0.6216696805
0.02115;0.621835443
0.02116;0.6220012055
0.02117;0.6221669681
0.02118;0.6223327306
0.02119;0.6224984931
0.0212;0.6226642556
0.02121;0.6228300181
0.02122;0.6229957806
0.02123;0.6231615431
0.02124;0.6233273056
0.02125;0.6234930681
0.02126;0.6236588306
0.02127;0.6238245931
0.02128;0.6239903556
0.02129;0.6241561181
0.0213;0.6243218807
0.02131;0.6244876432
0.02132;0.6246534057
0.02133;0.6248191682
0.02134;0.6249849307
0.02135;0.6251506932
0.02136;0.6253164557
0.02137;0.6254822182
0.02138;0.6256479807
0.02139;0.6258137432
0.0214;0.6259795057
0.02141;0.6261452682
0.02142;0.6263110307
0.02143;0.6264767932
0.02144;0.6266425558
0.02145;0.6268083183
0.02146;0.6269740808
0.02147;0.6271398433
0.02148;0.6273056058
0.02149;0.6274713683
0.0215;0.6276371308
0.02151;0.6278028933
0.02152;0.6279686558
0.02153;0.6281344183
0.02154;0.6283001808
0.02155;0.6284659433
0.02156;0.6286317058
0.02157;0.6287974684
0.02158;0.6289632309
0.02159;0.6291289934
0.0216;0.6292947559
0.02161;0.6294605184
0.02162;0.6296262809
0.02163;0.6297920434
0.02164;0.6299578059
0.02165;0.6301235684
0.02166;0.6302893309
0.02167;0.6304550934
0.02168;0.6306208559
0.02169;0.6307866184
0.0217;0.630952381
0.02171;0.6311181435
0.02172;0.631283906
0.02173;0.6314496685
0.02174;0.631615431
0.02175;0.6317811935
0.02176;0.631946956
0.02177;0.6321127185
0.02178;0.632278481
0.02179;0.6324442435
0.0218;0.632610006
0.02181;0.6327757685
0.02182;0.632941531
0.02183;0.6331072936
0.02184;0.6332730561
0.02185;0.6334388186
0.02186;0.6336045811
0.02187;0.6337703436
0.02188;0.6339361061
0.02189;0.6341018686
0.0219;0.6342676311
0.02191;0.6344333936
0.02192;0.6345991561
0.02193;0.6347649186
0.02194;0.6349306811
0.02195;0.6350964436
0.02196;0.6352622061
0.02197;0.6354279687
0.02198;0.6355937312
0.02199;0.6357594937
0.022;0.6359252562
0.02201;0.6360910187
0.02202;0.6362567812
0.02203;0.6364225437
0.02204;0.6365883062
0.02205;0.6367540687
0.02206;0.6369198312
0.02207;0.6370855937
0.02208;0.6372513562
0.02209;0.6374171187
0.0221;0.6375828813
0.02211;0.6377486438
0.02212;0.6379144063
0.02213;0.6380801688
0.02214;0.6382459313
0.02215;0.6384116938
0.02216;0.6385774563
0.02217;0.6387432188
0.02218;0.6389089813
0.02219;0.6390747438
0.0222;0.6392405063
0.02221;0.6394062688
0.02222;0.6395720313
0.02223;0.6397377939
0.02224;0.6399035564
0.02225;0.6400693189
0.02226;0.6402350814
0.02227;0.6404008439
0.02228;0.6405666064
0.02229;0.6407323689
0.0223;0.6408981314
0.02231;0.6410638939
0.02232;0.6412296564
0.02233;0.6413954189
0.02234;0.6415611814
0.02235;0.6417269439
0.02236;0.6418927064
0.02237;0.642058469
0.02238;0.6422242315
0.02239;0.642389994
0.0224;0.6425557565
0.02241;0.642721519
0.02242;0.6428872815
0.02243;0.643053044
0.02244;0.6432188065
0.02245;0.643384569
0.02246;0.6435503315
0.02247;0.643716094
0.02248;0.6438818565
0.02249;0.644047619
0.0225;0.6442133816
0.02251;0.6443791441
0.02252;0.6445449066
0.02253;0.6447106691
0.02254;0.6448764316
0.02255;0.6450421941
0.02256;0.6452079566
0.02257;0.6453737191
0.02258;0.6455394816
0.02259;0.6457052441
0.0226;0.6458710066
0.02261;0.6460367691
0.02262;0.6462025316
0.02263;0.6463682942
0.02264;0.6465340567
0.02265;0.6466998192
0.02266;0.6468655817
0.02267;0.6470313442
0.02268;0.6471971067
0.02269;0.6473628692
0.0227;0.6475286317
0.02271;0.6476943942
0.02272;0.6478601567
0.02273;0.6480259192
0.02274;0.6481916817
0.02275;0.6483574442
0.02276;0.6485232068
0.02277;0.6486889693
0.02278;0.6488547318
0.02279;0.6490204943
0.0228;0.6491862568
0.02281;0.6493520193
0.02282;0.6495177818
0.02283;0.6496835443
0.02284;0.6498493068
0.02285;0.6500150693
0.02286;0.6501808318
0.02287;0.6503465943
0.02288;0.6505123568
0.02289;0.6506781193
0.0229;0.6508438819
0.02291;0.6510096444
0.02292;0.6511754069
0.02293;0.6513411694
0.02294;0.6515069319
0.02295;0.6516726944
0.02296;0.6518384569
0.02297;0.6520042194
0.02298;0.6521699819
0.02299;0.6523357444
0.023;0.6525015069
0.02301;0.6526672694
0.02302;0.6528330319
0.02303;0.6529987945
0.02304;0.653164557
0.02305;0.6533303195
0.02306;0.653496082
0.02307;0.6536618445
0.02308;0.653827607
0.02309;0.6539933695
0.0231;0.654159132
0.02311;0.6543248945
0.02312;0.654490657
0.02313;0.6546564195
0.02314;0.654822182
0.02315;0.6549879445
0.02316;0.6551537071
0.02317;0.6553194696
0.02318;0.6554852321
0.02319;0.6556509946
0.0232;0.6558167571
0.02321;0.6559825196
0.02322;0.6561482821
0.02323;0.6563140446
0.02324;0.6564798071
0.02325;0.6566455696
0.02326;0.6568113321
0.02327;0.6569770946
0.02328;0.6571428571
0.02329;0.6573086197
0.0233;0.6574743822
0.02331;0.6576401447
0.02332;0.6578059072
0.02333;0.6579716697
0.02334;0.6581374322
0.02335;0.6583031947
0.02336;0.6584689572
0.02337;0.6586347197
0.02338;0.6588004822
0.02339;0.6589662447
0.0234;0.6591320072
0.02341;0.6592977697
0.02342;0.6594635322
0.02343;0.6596292948
0.02344;0.6597950573
0.02345;0.6599608198
0.02346;0.6601265823
0.02347;0.6602923448
0.02348;0.6604581073
0.02349;0.6606238698
0.0235;0.6607896323
0.02351;0.6609553948
0.02352;0.6611211573
0.02353;0.6612869198
0.02354;0.6614526823
0.02355;0.6616184448
0.02356;0.6617842074
0.02357;0.6619499699
0.02358;0.6621157324
0.02359;0.6622814949
0.0236;0.6624472574
0.02361;0.6626130199
0.02362;0.6627787824
0.02363;0.6629445449
0.02364;0.6631103074
0.02365;0.6632760699
0.02366;0.6634418324
0.02367;0.6636075949
0.02368;0.6637733574
0.02369;0.66393912
0.0237;0.6641048825
0.02371;0.664270645
0.02372;0.6644364075
0.02373;0.66460217
0.02374;0.6647679325
0.02375;0.664933695
0.02376;0.6650994575
0.02377;0.66526522
0.02378;0.6654309825
0.02379;0.665596745
0.0238;0.6657625075
0.02381;0.66592827
0.02382;0.6660940325
0.02383;0.6662597951
0.02384;0.6664255576
0.02385;0.6665913201
0.02386;0.6667570826
0.02387;0.6669228451
0.02388;0.6670886076
0.02389;0.6672543701
0.0239;0.6674201326
0.02391;0.6675858951
0.02392;0.6677516576
0.02393;0.6679174201
0.02394;0.6680831826
0.02395;0.6682489451
0.02396;0.6684147077
0.02397;0.6685804702
0.02398;0.6687462327
0.02399;0.6689119952
0.024;0.6690777577
0.02401;0.6692435202
0.02402;0.6694092827
0.02403;0.6695750452
0.02404;0.6697408077
0.02405;0.6699065702
0.02406;0.6700723327
0.02407;0.6702380952
0.02408;0.6704038577
0.02409;0.6705696203
0.0241;0.6707353828
0.02411;0.6709011453
0.02412;0.6710669078
0.02413;0.6712326703
0.02414;0.6713984328
0.02415;0.6715641953
0.02416;0.6717299578
0.02417;0.6718957203
0.02418;0.6720614828
0.02419;0.6722272453
0.0242;0.6723930078
0.02421;0.6725587703
0.02422;0.6727245329
0.02423;0.6728902954
0.02424;0.6730560579
0.02425;0.6732218204
0.02426;0.6733875829
0.02427;0.6735533454
0.02428;0.6737191079
0.02429;0.6738848704
0.0243;0.6740506329
0.02431;0.6742163954
0.02432;0.6743821579
0.02433;0.6745479204
0.02434;0.6747136829
0.02435;0.6748794454
0.02436;0.675045208
0.02437;0.6752109705
0.02438;0.675376733
0.02439;0.6755424955
0.0244;0.675708258
0.02441;0.6758740205
0.02442;0.676039783
0.02443;0.6762055455
0.02444;0.676371308
0.02445;0.6765370705
0.02446;0.676702833
0.02447;0.6768685955
0.02448;0.677034358
0.02449;0.6772001206
0.0245;0.6773658831
0.02451;0.6775316456
0.02452;0.6776974081
0.02453;0.6778631706
0.02454;0.6780289331
0.02455;0.6781946956
0.02456;0.6783604581
0.02457;0.6785262206
0.02458;0.6786919831
0.02459;0.6788577456
0.0246;0.6790235081
0.02461;0.6791892706
0.02462;0.6793550332
0.02463;0.6795207957
0.02464;0.6796865582
0.02465;0.6798523207
0.02466;0.6800180832
0.02467;0.6801838457
0.02468;0.6803496082
0.02469;0.6805153707
0.0247;0.6806811332
0.02471;0.6808468957
0.02472;0.6810126582
0.02473;0.6811784207
0.02474;0.6813441832
0.02475;0.6815099458
0.02476;0.6816757083
0.02477;0.6818414708
0.02478;0.6820072333
0.02479;0.6821729958
0.0248;0.6823387583
0.02481;0.6825045208
0.02482;0.6826702833
0.02483;0.6828360458
0.02484;0.6830018083
0.02485;0.6831675708
0.02486;0.6833333333
0.02487;0.6834990958
0.02488;0.6836648583
0.02489;0.6838306209
0.0249;0.6839963834
0.02491;0.6841621459
0.02492;0.6843279084
0.02493;0.6844936709
0.02494;0.6846594334
0.02495;0.6848251959
0.02496;0.6849909584
0.02497;0.6851567209
0.02498;0.6853224834
0.02499;0.6854882459
0.025;0.6856540084
0.02501;0.6858197709
0.02502;0.6859855335
0.02503;0.686151296
0.02504;0.6863170585
0.02505;0.686482821
0.02506;0.6866485835
0.02507;0.686814346
0.02508;0.6869801085
0.02509;0.687145871
0.0251;0.6873116335
0.02511;0.687477396
0.02512;0.6876431585
0.02513;0.687808921
0.02514;0.6879746835
0.02515;0.6881404461
0.02516;0.6883062086
0.02517;0.6884719711
0.02518;0.6886377336
0.02519;0.6888034961
0.0252;0.6889692586
0.02521;0.6891350211
0.02522;0.6893007836
0.02523;0.6894665461
0.02524;0.6896323086
0.02525;0.6897980711
0.02526;0.6899638336
0.02527;0.6901295961
0.02528;0.6902953586
0.02529;0.6904611212
0.0253;0.6906268837
0.02531;0.6907926462
0.02532;0.6909584087
0.02533;0.6911241712
0.02534;0.6912899337
0.02535;0.6914556962
0.02536;0.6916214587
0.02537;0.6917872212
0.02538;0.6919529837
0.02539;0.6921187462
0.0254;0.6922845087
0.02541;0.6924502712
0.02542;0.6926160338
0.02543;0.6927817963
0.02544;0.6929475588
0.02545;0.6931133213
0.02546;0.6932790838
0.02547;0.6934448463
0.02548;0.6936106088
0.02549;0.6937763713
0.0255;0.6939421338
0.02551;0.6941078963
0.02552;0.6942736588
0.02553;0.6944394213
0.02554;0.6946051838
0.02555;0.6947709464
0.02556;0.6949367089
0.02557;0.6951024714
0.02558;0.6952682339
0.02559;0.6954339964
0.0256;0.6955997589
0.02561;0.6957655214
0.02562;0.6959312839
0.02563;0.6960970464
0.02564;0.6962628089
0.02565;0.6964285714
0.02566;0.6965943339
0.02567;0.6967600964
0.02568;0.696925859
0.02569;0.6970916215
0.0257;0.697257384
0.02571;0.6974231465
0.02572;0.697588909
0.02573;0.6977546715
0.02574;0.697920434
0.02575;0.6980861965
0.02576;0.698251959
0.02577;0.6984177215
0.02578;0.698583484
0.02579;0.6987492465
0.0258;0.698915009
0.02581;0.6990807715
0.02582;0.6992465341
0.02583;0.6994122966
0.02584;0.6995780591
0.02585;0.6997438216
0.02586;0.6999095841
0.02587;0.7000753466
0.02588;0.7002411091
0.02589;0.7004068716
0.0259;0.7005726341
0.02591;0.7007383966
0.02592;0.7009041591
0.02593;0.7010699216
0.02594;0.7012356841
0.02595;0.7014014467
0.02596;0.7015672092
0.02597;0.7017329717
0.02598;0.7018987342
0.02599;0.7020644967
0.026;0.7022302592
0.02601;0.7023960217
0.02602;0.7025617842
0.02603;0.7027275467
0.02604;0.7028933092
0.02605;0.7030590717
0.02606;0.7032248342
0.02607;0.7033905967
0.02608;0.7035563593
0.02609;0.7037221218
0.0261;0.7038878843
0.02611;0.7040536468
0.02612;0.7042194093
0.02613;0.7043851718
0.02614;0.7045509343
0.02615;0.7047166968
0.02616;0.7048824593
0.02617;0.7050482218
0.02618;0.7052139843
0.02619;0.7053797468
0.0262;0.7055455093
0.02621;0.7057112719
0.02622;0.7058770344
0.02623;0.7060427969
0.02624;0.7062085594
0.02625;0.7063743219
0.02626;0.7065400844
0.02627;0.7067058469
0.02628;0.7068716094
0.02629;0.7070373719
0.0263;0.7072031344
0.02631;0.7073688969
0.02632;0.7075346594
0.02633;0.7077004219
0.02634;0.7078661844
0.02635;0.708031947
0.02636;0.7081977095
0.02637;0.708363472
0.02638;0.7085292345
0.02639;0.708694997
0.0264;0.7088607595
0.02641;0.709026522
0.02642;0.7091922845
0.02643;0.709358047
0.02644;0.7095238095
0.02645;0.709689572
0.02646;0.7098553345
0.02647;0.710021097
0.02648;0.7101868596
0.02649;0.7103526221
0.0265;0.7105183846
0.02651;0.7106841471
0.02652;0.7108499096
0.02653;0.7110156721
0.02654;0.7111814346
0.02655;0.7113471971
0.02656;0.7115129596
0.02657;0.7116787221
0.02658;0.7118444846
0.02659;0.7120102471
0.0266;0.7121760096
0.02661;0.7123417722
0.02662;0.7125075347
0.02663;0.7126732972
0.02664;0.7128390597
0.02665;0.7130048222
0.02666;0.7131705847
0.02667;0.7133363472
0.02668;0.7135021097
0.02669;0.7136678722
0.0267;0.7138336347
0.02671;0.7139993972
0.02672;0.7141651597
0.02673;0.7143309222
0.02674;0.7144966847
0.02675;0.7146624473
0.02676;0.7148282098
0.02677;0.7149939723
0.02678;0.7151597348
0.02679;0.7153254973
0.0268;0.7154912598
0.02681;0.7156570223
0.02682;0.7158227848
0.02683;0.7159885473
0.02684;0.7161543098
0.02685;0.7163200723
0.02686;0.7164858348
0.02687;0.7166515973
0.02688;0.7168173599
0.02689;0.7169831224
0.0269;0.7171488849
0.02691;0.7173146474
0.02692;0.7174804099
0.02693;0.7176461724
0.02694;0.7178119349
0.02695;0.7179776974
0.02696;0.7181434599
0.02697;0.7183092224
0.02698;0.7184749849
0.02699;0.7186407474
0.027;0.7188065099
0.02701;0.7189722725
0.02702;0.719138035
0.02703;0.7193037975
0.02704;0.71946956
0.02705;0.7196353225
0.02706;0.719801085
0.02707;0.7199668475
0.02708;0.72013261
0.02709;0.7202983725
0.0271;0.720464135
0.02711;0.7206298975
0.02712;0.72079566
0.02713;0.7209614225
0.02714;0.7211271851
0.02715;0.7212929476
0.02716;0.7214587101
0.02717;0.7216244726
0.02718;0.7217902351
0.02719;0.7219559976
0.0272;0.7221217601
0.02721;0.7222875226
0.02722;0.7224532851
0.02723;0.7226190476
0.02724;0.7227848101
0.02725;0.7229505726
0.02726;0.7231163351
0.02727;0.7232820976
0.02728;0.7234478602
0.02729;0.7236136227
0.0273;0.7237793852
0.02731;0.7239451477
0.02732;0.7241109102
0.02733;0.7242766727
0.02734;0.7244424352
0.02735;0.7246081977
0.02736;0.7247739602
0.02737;0.7249397227
0.02738;0.7251054852
0.02739;0.7252712477
0.0274;0.7254370102
0.02741;0.7256027728
0.02742;0.7257685353
0.02743;0.7259342978
0.02744;0.7261000603
0.02745;0.7262658228
0.02746;0.7264315853
0.02747;0.7265973478
0.02748;0.7267631103
0.02749;0.7269288728
0.0275;0.7270946353
0.02751;0.7272603978
0.02752;0.7274261603
0.02753;0.7275919228
0.02754;0.7277576854
0.02755;0.7279234479
0.02756;0.7280892104
0.02757;0.7282549729
0.02758;0.7284207354
0.02759;0.7285864979
0.0276;0.7287522604
0.02761;0.7289180229
0.02762;0.7290837854
0.02763;0.7292495479
0.02764;0.7294153104
0.02765;0.7295810729
0.02766;0.7297468354
0.02767;0.729912598
0.02768;0.7300783605
0.02769;0.730244123
0.0277;0.7304098855
0.02771;0.730575648
0.02772;0.7307414105
0.02773;0.730907173
0.02774;0.7310729355
0.02775;0.731238698
0.02776;0.7314044605
0.02777;0.731570223
0.02778;0.7317359855
0.02779;0.731901748
0.0278;0.7320675105
0.02781;0.7322332731
0.02782;0.7323990356
0.02783;0.7325647981
0.02784;0.7327305606
0.02785;0.7328963231
0.02786;0.7330620856
0.02787;0.7332278481
0.02788;0.7333936106
0.02789;0.7335593731
0.0279;0.7337251356
0.02791;0.7338908981
0.02792;0.7340566606
0.02793;0.7342224231
0.02794;0.7343881857
0.02795;0.7345539482
0.02796;0.7347197107
0.02797;0.7348854732
0.02798;0.7350512357
0.02799;0.7352169982
0.028;0.7353827607
0.02801;0.7355485232
0.02802;0.7357142857
0.02803;0.7358800482
0.02804;0.7360458107
0.02805;0.7362115732
0.02806;0.7363773357
0.02807;0.7365430983
0.02808;0.7367088608
0.02809;0.7368746233
0.0281;0.7370403858
0.02811;0.7372061483
0.02812;0.7373719108
0.02813;0.7375376733
0.02814;0.7377034358
0.02815;0.7378691983
0.02816;0.7380349608
0.02817;0.7382007233
0.02818;0.7383664858
0.02819;0.7385322483
0.0282;0.7386980108
0.02821;0.7388637734
0.02822;0.7390295359
0.02823;0.7391952984
0.02824;0.7393610609
0.02825;0.7395268234
0.02826;0.7396925859
0.02827;0.7398583484
0.02828;0.7400241109
0.02829;0.7401898734
0.0283;0.7403556359
0.02831;0.7405213984
0.02832;0.7406871609
0.02833;0.7408529234
0.02834;0.741018686
0.02835;0.7411844485
0.02836;0.741350211
0.02837;0.7415159735
0.02838;0.741681736
0.02839;0.7418474985
0.0284;0.742013261
0.02841;0.7421790235
0.02842;0.742344786
0.02843;0.7425105485
0.02844;0.742676311
0.02845;0.7428420735
0.02846;0.743007836
0.02847;0.7431735986
0.02848;0.7433393611
0.02849;0.7435051236
0.0285;0.7436708861
0.02851;0.7438366486
0.02852;0.7440024111
0.02853;0.7441681736
0.02854;0.7443339361
0.02855;0.7444996986
0.02856;0.7446654611
0.02857;0.7448312236
0.02858;0.7449969861
0.02859;0.7451627486
0.0286;0.7453285112
0.02861;0.7454942737
0.02862;0.7456600362
0.02863;0.7458257987
0.02864;0.7459915612
0.02865;0.7461573237
0.02866;0.7463230862
0.02867;0.7464888487
0.02868;0.7466546112
0.02869;0.7468203737
0.0287;0.7469861362
0.02871;0.7471518987
0.02872;0.7473176612
0.02873;0.7474834237
0.02874;0.7476491863
0.02875;0.7478149488
0.02876;0.7479807113
0.02877;0.7481464738
0.02878;0.7483122363
0.02879;0.7484779988
0.0288;0.7486437613
0.02881;0.7488095238
0.02882;0.7489752863
0.02883;0.7491410488
0.02884;0.7493068113
0.02885;0.7494725738
0.02886;0.7496383363
0.02887;0.7498040989
0.02888;0.7499698614
0.02889;0.7501356239
0.0289;0.7503013864
0.02891;0.7504671489
0.02892;0.7506329114
0.02893;0.7507986739
0.02894;0.7509644364
0.02895;0.7511301989
0.02896;0.7512959614
0.02897;0.7514617239
0.02898;0.7516274864
0.02899;0.7517932489
0.029;0.7519590115
0.02901;0.752124774
0.02902;0.7522905365
0.02903;0.752456299
0.02904;0.7526220615
0.02905;0.752787824
0.02906;0.7529535865
0.02907;0.753119349
0.02908;0.7532851115
0.02909;0.753450874
0.0291;0.7536166365
0.02911;0.753782399
0.02912;0.7539481615
0.02913;0.7541139241
0.02914;0.7542796866
0.02915;0.7544454491
0.02916;0.7546112116
0.02917;0.7547769741
0.02918;0.7549427366
0.02919;0.7551084991
0.0292;0.7552742616
0.02921;0.7554400241
0.02922;0.7556057866
0.02923;0.7557715491
0.02924;0.7559373116
0.02925;0.7561030741
0.02926;0.7562688366
0.02927;0.7564345992
0.02928;0.7566003617
0.02929;0.7567661242
0.0293;0.7569318867
0.02931;0.7570976492
0.02932;0.7572634117
0.02933;0.7574291742
0.02934;0.7575949367
0.02935;0.7577606992
0.02936;0.7579264617
0.02937;0.7580922242
0.02938;0.7582579867
0.02939;0.7584237492
0.0294;0.7585895118
0.02941;0.7587552743
0.02942;0.7589210368
0.02943;0.7590867993
0.02944;0.7592525618
0.02945;0.7594183243
0.02946;0.7595840868
0.02947;0.7597498493
0.02948;0.7599156118
0.02949;0.7600813743
0.0295;0.7602471368
0.02951;0.7604128993
0.02952;0.7605786618
0.02953;0.7607444244
0.02954;0.7609101869
0.02955;0.7610759494
0.02956;0.7612417119
0.02957;0.7614074744
0.02958;0.7615732369
0.02959;0.7617389994
0.0296;0.7619047619
0.02961;0.7620705244
0.02962;0.7622362869
0.02963;0.7624020494
0.02964;0.7625678119
0.02965;0.7627335744
0.02966;0.7628993369
0.02967;0.7630650995
0.02968;0.763230862
0.02969;0.7633966245
0.0297;0.763562387
0.02971;0.7637281495
0.02972;0.763893912
0.02973;0.7640596745
0.02974;0.764225437
0.02975;0.7643911995
0.02976;0.764556962
0.02977;0.7647227245
0.02978;0.764888487
0.02979;0.7650542495
0.0298;0.7652200121
0.02981;0.7653857746
0.02982;0.7655515371
0.02983;0.7657172996
0.02984;0.7658830621
0.02985;0.7660488246
0.02986;0.7662145871
0.02987;0.7663803496
0.02988;0.7665461121
0.02989;0.7667118746
0.0299;0.7668776371
0.02991;0.7670433996
0.02992;0.7672091621
0.02993;0.7673749247
0.02994;0.7675406872
0.02995;0.7677064497
0.02996;0.7678722122
0.02997;0.7680379747
0.02998;0.7682037372
0.02999;0.7683694997
0.03;0.7685352622
0.03001;0.7687010247
0.03002;0.7688667872
0.03003;0.7690325497
0.03004;0.7691983122
0.03005;0.7693640747
0.03006;0.7695298373
0.03007;0.7696955998
0.03008;0.7698613623
0.03009;0.7700271248
0.0301;0.7701928873
0.03011;0.7703586498
0.03012;0.7705244123
0.03013;0.7706901748
0.03014;0.7708559373
0.03015;0.7710216998
0.03016;0.7711874623
0.03017;0.7713532248
0.03018;0.7715189873
0.03019;0.7716847498
0.0302;0.7718505124
0.03021;0.7720162749
0.03022;0.7721820374
0.03023;0.7723477999
0.03024;0.7725135624
0.03025;0.7726793249
0.03026;0.7728450874
0.03027;0.7730108499
0.03028;0.7731766124
0.03029;0.7733423749
0.0303;0.7735081374
0.03031;0.7736738999
0.03032;0.7738396624
0.03033;0.774005425
0.03034;0.7741711875
0.03035;0.77433695
0.03036;0.7745027125
0.03037;0.774668475
0.03038;0.7748342375
0.03039;0.775
0.0304;0.7751657625
0.03041;0.775331525
0.03042;0.7754972875
0.03043;0.77566305
0.03044;0.7758288125
0.03045;0.775994575
0.03046;0.7761603376
0.03047;0.7763261001
0.03048;0.7764918626
0.03049;0.7766576251
0.0305;0.7768233876
0.03051;0.7769891501
0.03052;0.7771549126
0.03053;0.7773206751
0.03054;0.7774864376
0.03055;0.7776522001
0.03056;0.7778179626
0.03057;0.7779837251
0.03058;0.7781494876
0.03059;0.7783152502
0.0306;0.7784810127
0.03061;0.7786467752
0.03062;0.7788125377
0.03063;0.7789783002
0.03064;0.7791440627
0.03065;0.7793098252
0.03066;0.7794755877
0.03067;0.7796413502
0.03068;0.7798071127
0.03069;0.7799728752
0.0307;0.7801386377
0.03071;0.7803044002
0.03072;0.7804701627
0.03073;0.7806359253
0.03074;0.7808016878
0.03075;0.7809674503
0.03076;0.7811332128
0.03077;0.7812989753
0.03078;0.7814647378
0.03079;0.7816305003
0.0308;0.7817962628
0.03081;0.7819620253
0.03082;0.7821277878
0.03083;0.7822935503
0.03084;0.7824593128
0.03085;0.7826250753
0.03086;0.7827908379
0.03087;0.7829566004
0.03088;0.7831223629
0.03089;0.7832881254
0.0309;0.7834538879
0.03091;0.7836196504
0.03092;0.7837854129
0.03093;0.7839511754
0.03094;0.7841169379
0.03095;0.7842827004
0.03096;0.7844484629
0.03097;0.7846142254
0.03098;0.7847799879
0.03099;0.7849457505
0.031;0.785111513
0.03101;0.7852772755
0.03102;0.785443038
0.03103;0.7856088005
0.03104;0.785774563
0.03105;0.7859403255
0.03106;0.786106088
0.03107;0.7862718505
0.03108;0.786437613
0.03109;0.7866033755
0.0311;0.786769138
0.03111;0.7869349005
0.03112;0.7871006631
0.03113;0.7872664256
0.03114;0.7874321881
0.03115;0.7875979506
0.03116;0.7877637131
0.03117;0.7879294756
0.03118;0.7880952381
0.03119;0.7882610006
0.0312;0.7884267631
0.03121;0.7885925256
0.03122;0.7887582881
0.03123;0.7889240506
0.03124;0.7890898131
0.03125;0.7892555756
0.03126;0.7894213382
0.03127;0.7895871007
0.03128;0.7897528632
0.03129;0.7899186257
0.0313;0.7900843882
0.03131;0.7902501507
0.03132;0.7904159132
0.03133;0.7905816757
0.03134;0.7907474382
0.03135;0.7909132007
0.03136;0.7910789632
0.03137;0.7912447257
0.03138;0.7914104882
0.03139;0.7915762508
0.0314;0.7917420133
0.03141;0.7919077758
0.03142;0.7920735383
0.03143;0.7922393008
0.03144;0.7924050633
0.03145;0.7925708258
0.03146;0.7927365883
0.03147;0.7929023508
0.03148;0.7930681133
0.03149;0.7932338758
0.0315;0.7933996383
0.03151;0.7935654008
0.03152;0.7937311634
0.03153;0.7938969259
0.03154;0.7940626884
0.03155;0.7942284509
0.03156;0.7943942134
0.03157;0.7945599759
0.03158;0.7947257384
0.03159;0.7948915009
0.0316;0.7950572634
0.03161;0.7952230259
0.03162;0.7953887884
0.03163;0.7955545509
0.03164;0.7957203134
0.03165;0.7958860759
0.03166;0.7960518385
0.03167;0.796217601
0.03168;0.7963833635
0.03169;0.796549126
0.0317;0.7967148885
0.03171;0.796880651
0.03172;0.7970464135
0.03173;0.797212176
0.03174;0.7973779385
0.03175;0.797543701
0.03176;0.7977094635
0.03177;0.797875226
0.03178;0.7980409885
0.03179;0.7982067511
0.0318;0.7983725136
0.03181;0.7985382761
0.03182;0.7987040386
0.03183;0.7988698011
0.03184;0.7990355636
0.03185;0.7992013261
0.03186;0.7993670886
0.03187;0.7995328511
0.03188;0.7996986136
0.03189;0.7998643761
0.0319;0.8000301386
0.03191;0.8001959011
0.03192;0.8003616637
0.03193;0.8005274262
0.03194;0.8006931887
0.03195;0.8008589512
0.03196;0.8010247137
0.03197;0.8011904762
0.03198;0.8013562387
0.03199;0.8015220012
0.032;0.8016877637
0.03201;0.8018535262
0.03202;0.8020192887
0.03203;0.8021850512
0.03204;0.8023508137
0.03205;0.8025165763
0.03206;0.8026823388
0.03207;0.8028481013
0.03208;0.8030138638
0.03209;0.8031796263
0.0321;0.8033453888
0.03211;0.8035111513
0.03212;0.8036769138
0.03213;0.8038426763
0.03214;0.8040084388
0.03215;0.8041742013
0.03216;0.8043399638
0.03217;0.8045057263
0.03218;0.8046714888
0.03219;0.8048372514
0.0322;0.8050030139
0.03221;0.8051687764
0.03222;0.8053345389
0.03223;0.8055003014
0.03224;0.8056660639
0.03225;0.8058318264
0.03226;0.8059975889
0.03227;0.8061633514
0.03228;0.8063291139
0.03229;0.8064948764
0.0323;0.8066606389
0.03231;0.8068264014
0.03232;0.806992164
0.03233;0.8071579265
0.03234;0.807323689
0.03235;0.8074894515
0.03236;0.807655214
0.03237;0.8078209765
0.03238;0.807986739
0.03239;0.8081525015
0.0324;0.808318264
0.03241;0.8084840265
0.03242;0.808649789
0.03243;0.8088155515
0.03244;0.808981314
0.03245;0.8091470766
0.03246;0.8093128391
0.03247;0.8094786016
0.03248;0.8096443641
0.03249;0.8098101266
0.0325;0.8099758891
0.03251;0.8101416516
0.03252;0.8103074141
0.03253;0.8104731766
0.03254;0.8106389391
0.03255;0.8108047016
0.03256;0.8109704641
0.03257;0.8111362266
0.03258;0.8113019892
0.03259;0.8114677517
0.0326;0.8116335142
0.03261;0.8117992767
0.03262;0.8119650392
0.03263;0.8121308017
0.03264;0.8122965642
0.03265;0.8124623267
0.03266;0.8126280892
0.03267;0.8127938517
0.03268;0.8129596142
0.03269;0.8131253767
0.0327;0.8132911392
0.03271;0.8134569017
0.03272;0.8136226643
0.03273;0.8137884268
0.03274;0.8139541893
0.03275;0.8141199518
0.03276;0.8142857143
0.03277;0.8144514768
0.03278;0.8146172393
0.03279;0.8147830018
0.0328;0.8149487643
0.03281;0.8151145268
0.03282;0.8152802893
0.03283;0.8154460518
0.03284;0.8156118143
0.03285;0.8157775769
0.03286;0.8159433394
0.03287;0.8161091019
0.03288;0.8162748644
0.03289;0.8164406269
0.0329;0.8166063894
0.03291;0.8167721519
0.03292;0.8169379144
0.03293;0.8171036769
0.03294;0.8172694394
0.03295;0.8174352019
0.03296;0.8176009644
0.03297;0.8177667269
0.03298;0.8179324895
0.03299;0.818098252
0.033;0.8182640145
0.03301;0.818429777
0.03302;0.8185955395
0.03303;0.818761302
0.03304;0.8189270645
0.03305;0.819092827
0.03306;0.8192585895
0.03307;0.819424352
0.03308;0.8195901145
0.03309;0.819755877
0.0331;0.8199216395
0.03311;0.820087402
0.03312;0.8202531646
0.03313;0.8204189271
0.03314;0.8205846896
0.03315;0.8207504521
0.03316;0.8209162146
0.03317;0.8210819771
0.03318;0.8212477396
0.03319;0.8214135021
0.0332;0.8215792646
0.03321;0.8217450271
0.03322;0.8219107896
0.03323;0.8220765521
0.03324;0.8222423146
0.03325;0.8224080772
0.03326;0.8225738397
0.03327;0.8227396022
0.03328;0.8229053647
0.03329;0.8230711272
0.0333;0.8232368897
0.03331;0.8234026522
0.03332;0.8235684147
0.03333;0.8237341772
0.03334;0.8238999397
0.03335;0.8240657022
0.03336;0.8242314647
0.03337;0.8243972272
0.03338;0.8245629898
0.03339;0.8247287523
0.0334;0.8248945148
0.03341;0.8250602773
0.03342;0.8252260398
0.03343;0.8253918023
0.03344;0.8255575648
0.03345;0.8257233273
0.03346;0.8258890898
0.03347;0.8260548523
0.03348;0.8262206148
0.03349;0.8263863773
0.0335;0.8265521398
0.03351;0.8267179024
0.03352;0.8268836649
0.03353;0.8270494274
0.03354;0.8272151899
0.03355;0.8273809524
0.03356;0.8275467149
0.03357;0.8277124774
0.03358;0.8278782399
0.03359;0.8280440024
0.0336;0.8282097649
0.03361;0.8283755274
0.03362;0.8285412899
0.03363;0.8287070524
0.03364;0.8288728149
0.03365;0.8290385775
0.03366;0.82920434
0.03367;0.8293701025
0.03368;0.829535865
0.03369;0.8297016275
0.0337;0.82986739
0.03371;0.8300331525
0.03372;0.830198915
0.03373;0.8303646775
0.03374;0.83053044
0.03375;0.8306962025
0.03376;0.830861965
0.03377;0.8310277275
0.03378;0.8311934901
0.03379;0.8313592526
0.0338;0.8315250151
0.03381;0.8316907776
0.03382;0.8318565401
0.03383;0.8320223026
0.03384;0.8321880651
0.03385;0.8323538276
0.03386;0.8325195901
0.03387;0.8326853526
0.03388;0.8328511151
0.03389;0.8330168776
0.0339;0.8331826401
0.03391;0.8333484027
0.03392;0.8335141652
0.03393;0.8336799277
0.03394;0.8338456902
0.03395;0.8340114527
0.03396;0.8341772152
0.03397;0.8343429777
0.03398;0.8345087402
0.03399;0.8346745027
0.034;0.8348402652
0.03401;0.8350060277
0.03402;0.8351717902
0.03403;0.8353375527
0.03404;0.8355033153
0.03405;0.8356690778
0.03406;0.8358348403
0.03407;0.8360006028
0.03408;0.8361663653
0.03409;0.8363321278
0.0341;0.8364978903
0.03411;0.8366636528
0.03412;0.8368294153
0.03413;0.8369951778
0.03414;0.8371609403
0.03415;0.8373267028
0.03416;0.8374924653
0.03417;0.8376582278
0.03418;0.8378239904
0.03419;0.8379897529
0.0342;0.8381555154
0.03421;0.8383212779
0.03422;0.8384870404
0.03423;0.8386528029
0.03424;0.8388185654
0.03425;0.8389843279
0.03426;0.8391500904
0.03427;0.8393158529
0.03428;0.8394816154
0.03429;0.8396473779
0.0343;0.8398131404
0.03431;0.839978903
0.03432;0.8401446655
0.03433;0.840310428
0.03434;0.8404761905
0.03435;0.840641953
0.03436;0.8408077155
0.03437;0.840973478
0.03438;0.8411392405
0.03439;0.841305003
0.0344;0.8414707655
0.03441;0.841636528
0.03442;0.8418022905
0.03443;0.841968053
0.03444;0.8421338156
0.03445;0.8422995781
0.03446;0.8424653406
0.03447;0.8426311031
0.03448;0.8427968656
0.03449;0.8429626281
0.0345;0.8431283906
0.03451;0.8432941531
0.03452;0.8434599156
0.03453;0.8436256781
0.03454;0.8437914406
0.03455;0.8439572031
0.03456;0.8441229656
0.03457;0.8442887281
0.03458;0.8444544907
0.03459;0.8446202532
0.0346;0.8447860157
0.03461;0.8449517782
0.03462;0.8451175407
0.03463;0.8452833032
0.03464;0.8454490657
0.03465;0.8456148282
0.03466;0.8457805907
0.03467;0.8459463532
0.03468;0.8461121157
0.03469;0.8462778782
0.0347;0.8464436407
0.03471;0.8466094033
0.03472;0.8467751658
0.03473;0.8469409283
0.03474;0.8471066908
0.03475;0.8472724533
0.03476;0.8474382158
0.03477;0.8476039783
0.03478;0.8477697408
0.03479;0.8479355033
0.0348;0.8481012658
0.03481;0.8482670283
0.03482;0.8484327908
0.03483;0.8485985533
0.03484;0.8487643159
0.03485;0.8489300784
0.03486;0.8490958409
0.03487;0.8492616034
0.03488;0.8494273659
0.03489;0.8495931284
0.0349;0.8497588909
0.03491;0.8499246534
0.03492;0.8500904159
0.03493;0.8502561784
0.03494;0.8504219409
0.03495;0.8505877034
0.03496;0.8507534659
0.03497;0.8509192285
0.03498;0.851084991
0.03499;0.8512507535
0.035;0.851416516
0.03501;0.8515822785
0.03502;0.851748041
0.03503;0.8519138035
0.03504;0.852079566
0.03505;0.8522453285
0.03506;0.852411091
0.03507;0.8525768535
0.03508;0.852742616
0.03509;0.8529083785
0.0351;0.853074141
0.03511;0.8532399036
0.03512;0.8534056661
0.03513;0.8535714286
0.03514;0.8537371911
0.03515;0.8539029536
0.03516;0.8540687161
0.03517;0.8542344786
0.03518;0.8544002411
0.03519;0.8545660036
0.0352;0.8547317661
0.03521;0.8548975286
0.03522;0.8550632911
0.03523;0.8552290536
0.03524;0.8553948162
0.03525;0.8555605787
0.03526;0.8557263412
0.03527;0.8558921037
0.03528;0.8560578662
0.03529;0.8562236287
0.0353;0.8563893912
0.03531;0.8565551537
0.03532;0.8567209162
0.03533;0.8568866787
0.03534;0.8570524412
0.03535;0.8572182037
0.03536;0.8573839662
0.03537;0.8575497288
0.03538;0.8577154913
0.03539;0.8578812538
0.0354;0.8580470163
0.03541;0.8582127788
0.03542;0.8583785413
0.03543;0.8585443038
0.03544;0.8587100663
0.03545;0.8588758288
0.03546;0.8590415913
0.03547;0.8592073538
0.03548;0.8593731163
0.03549;0.8595388788
0.0355;0.8597046414
0.03551;0.8598704039
0.03552;0.8600361664
0.03553;0.8602019289
0.03554;0.8603676914
0.03555;0.8605334539
0.03556;0.8606992164
0.03557;0.8608649789
0.03558;0.8610307414
0.03559;0.8611965039
0.0356;0.8613622664
0.03561;0.8615280289
0.03562;0.8616937914
0.03563;0.8618595539
0.03564;0.8620253165
0.03565;0.862191079
0.03566;0.8623568415
0.03567;0.862522604
0.03568;0.8626883665
0.03569;0.862854129
0.0357;0.8630198915
0.03571;0.863185654
0.03572;0.8633514165
0.03573;0.863517179
0.03574;0.8636829415
0.03575;0.863848704
0.03576;0.8640144665
0.03577;0.8641802291
0.03578;0.8643459916
0.03579;0.8645117541
0.0358;0.8646775166
0.03581;0.8648432791
0.03582;0.8650090416
0.03583;0.8651748041
0.03584;0.8653405666
0.03585;0.8655063291
0.03586;0.8656720916
0.03587;0.8658378541
0.03588;0.8660036166
0.03589;0.8661693791
0.0359;0.8663351417
0.03591;0.8665009042
0.03592;0.8666666667
0.03593;0.8668324292
0.03594;0.8669981917
0.03595;0.8671639542
0.03596;0.8673297167
0.03597;0.8674954792
0.03598;0.8676612417
0.03599;0.8678270042
0.036;0.8679927667
0.03601;0.8681585292
0.03602;0.8683242917
0.03603;0.8684900542
0.03604;0.8686558168
0.03605;0.8688215793
0.03606;0.8689873418
0.03607;0.8691531043
0.03608;0.8693188668
0.03609;0.8694846293
0.0361;0.8696503918
0.03611;0.8698161543
0.03612;0.8699819168
0.03613;0.8701476793
0.03614;0.8703134418
0.03615;0.8704792043
0.03616;0.8706449668
0.03617;0.8708107294
0.03618;0.8709764919
0.03619;0.8711422544
0.0362;0.8713080169
0.03621;0.8714737794
0.03622;0.8716395419
0.03623;0.8718053044
0.03624;0.8719710669
0.03625;0.8721368294
0.03626;0.8723025919
0.03627;0.8724683544
0.03628;0.8726341169
0.03629;0.8727998794
0.0363;0.872965642
0.03631;0.8731314045
0.03632;0.873297167
0.03633;0.8734629295
0.03634;0.873628692
0.03635;0.8737944545
0.03636;0.873960217
0.03637;0.8741259795
0.03638;0.874291742
0.03639;0.8744575045
0.0364;0.874623267
0.03641;0.8747890295
0.03642;0.874954792
0.03643;0.8751205546
0.03644;0.8752863171
0.03645;0.8754520796
0.03646;0.8756178421
0.03647;0.8757836046
0.03648;0.8759493671
0.03649;0.8761151296
0.0365;0.8762808921
0.03651;0.8764466546
0.03652;0.8766124171
0.03653;0.8767781796
0.03654;0.8769439421
0.03655;0.8771097046
0.03656;0.8772754671
0.03657;0.8774412297
0.03658;0.8776069922
0.03659;0.8777727547
0.0366;0.8779385172
0.03661;0.8781042797
0.03662;0.8782700422
0.03663;0.8784358047
0.03664;0.8786015672
0.03665;0.8787673297
0.03666;0.8789330922
0.03667;0.8790988547
0.03668;0.8792646172
0.03669;0.8794303797
0.0367;0.8795961423
0.03671;0.8797619048
0.03672;0.8799276673
0.03673;0.8800934298
0.03674;0.8802591923
0.03675;0.8804249548
0.03676;0.8805907173
0.03677;0.8807564798
0.03678;0.8809222423
0.03679;0.8810880048
0.0368;0.8812537673
0.03681;0.8814195298
0.03682;0.8815852923
0.03683;0.8817510549
0.03684;0.8819168174
0.03685;0.8820825799
0.03686;0.8822483424
0.03687;0.8824141049
0.03688;0.8825798674
0.03689;0.8827456299
0.0369;0.8829113924
0.03691;0.8830771549
0.03692;0.8832429174
0.03693;0.8834086799
0.03694;0.8835744424
0.03695;0.8837402049
0.03696;0.8839059675
0.03697;0.88407173
0.03698;0.8842374925
0.03699;0.884403255
0.037;0.8845690175
0.03701;0.88473478
0.03702;0.8849005425
0.03703;0.885066305
0.03704;0.8852320675
0.03705;0.88539783
0.03706;0.8855635925
0.03707;0.885729355
0.03708;0.8858951175
0.03709;0.88606088
0.0371;0.8862266426
0.03711;0.8863924051
0.03712;0.8865581676
0.03713;0.8867239301
0.03714;0.8868896926
0.03715;0.8870554551
0.03716;0.8872212176
0.03717;0.8873869801
0.03718;0.8875527426
0.03719;0.8877185051
0.0372;0.8878842676
0.03721;0.8880500301
0.03722;0.8882157926
0.03723;0.8883815552
0.03724;0.8885473177
0.03725;0.8887130802
0.03726;0.8888788427
0.03727;0.8890446052
0.03728;0.8892103677
0.03729;0.8893761302
0.0373;0.8895418927
0.03731;0.8897076552
0.03732;0.8898734177
0.03733;0.8900391802
0.03734;0.8902049427
0.03735;0.8903707052
0.03736;0.8905364678
0.03737;0.8907022303
0.03738;0.8908679928
0.03739;0.8910337553
0.0374;0.8911995178
0.03741;0.8913652803
0.03742;0.8915310428
0.03743;0.8916968053
0.03744;0.8918625678
0.03745;0.8920283303
0.03746;0.8921940928
0.03747;0.8923598553
0.03748;0.8925256178
0.03749;0.8926913803
0.0375;0.8928571429
0.03751;0.8930229054
0.03752;0.8931886679
0.03753;0.8933544304
0.03754;0.8935201929
0.03755;0.8936859554
0.03756;0.8938517179
0.03757;0.8940174804
0.03758;0.8941832429
0.03759;0.8943490054
0.0376;0.8945147679
0.03761;0.8946805304
0.03762;0.8948462929
0.03763;0.8950120555
0.03764;0.895177818
0.03765;0.8953435805
0.03766;0.895509343
0.03767;0.8956751055
0.03768;0.895840868
0.03769;0.8960066305
0.0377;0.896172393
0.03771;0.8963381555
0.03772;0.896503918
0.03773;0.8966696805
0.03774;0.896835443
0.03775;0.8970012055
0.03776;0.8971669681
0.03777;0.8973327306
0.03778;0.8974984931
0.03779;0.8976642556
0.0378;0.8978300181
0.03781;0.8979957806
0.03782;0.8981615431
0.03783;0.8983273056
0.03784;0.8984930681
0.03785;0.8986588306
0.03786;0.8988245931
0.03787;0.8989903556
0.03788;0.8991561181
0.03789;0.8993218807
0.0379;0.8994876432
0.03791;0.8996534057
0.03792;0.8998191682
0.03793;0.8999849307
0.03794;0.9
0.03795;0.9
0.03796;0.9
0.03797;0.9
0.03798;0.9
0.03799;0.9
0.038;0.9
0.03801;0.9
0.03802;0.9
0.03803;0.9
0.03804;0.9
0.03805;0.9
0.03806;0.9
0.03807;0.9
0.03808;0.9
0.03809;0.9
0.0381;0.9
0.03811;0.9
0.03812;0.9
0.03813;0.9
0.03814;0.9
0.03815;0.9
0.03816;0.9
0.03817;0.9
0.03818;0.9
0.03819;0.9
0.0382;0.9
0.03821;0.9
0.03822;0.9
0.03823;0.9
0.03824;0.9
0.03825;0.9
0.03826;0.9
0.03827;0.9
0.03828;0.9
0.03829;0.9
0.0383;0.9
0.03831;0.9
0.03832;0.9
0.03833;0.9
0.03834;0.9
0.03835;0.9
0.03836;0.9
0.03837;0.9
0.03838;0.9
0.03839;0.9
0.0384;0.9
0.03841;0.9
0.03842;0.9
0.03843;0.9
0.03844;0.9
0.03845;0.9
0.03846;0.9
0.03847;0.9
0.03848;0.9
0.03849;0.9
0.0385;0.9
0.03851;0.9
0.03852;0.9
0.03853;0.9
0.03854;0.9
0.03855;0.9
0.03856;0.9
0.03857;0.9
0.03858;0.9
0.03859;0.9
0.0386;0.9
0.03861;0.9
0.03862;0.9
0.03863;0.9
0.03864;0.9
0.03865;0.9
0.03866;0.9
0.03867;0.9
0.03868;0.9
0.03869;0.9
0.0387;0.9
0.03871;0.9
0.03872;0.9
0.03873;0.9
0.03874;0.9
0.03875;0.9
0.03876;0.9
0.03877;0.9
0.03878;0.9
0.03879;0.9
0.0388;0.9
0.03881;0.9
0.03882;0.9
0.03883;0.9
0.03884;0.9
0.03885;0.9
0.03886;0.9
0.03887;0.9
0.03888;0.9
0.03889;0.9
0.0389;0.9
0.03891;0.9
0.03892;0.9
0.03893;0.9
0.03894;0.9
0.03895;0.9
0.03896;0.9
0.03897;0.9
0.03898;0.9
0.03899;0.9
0.039;0.9
0.03901;0.9
0.03902;0.9
0.03903;0.9
0.03904;0.9
0.03905;0.9
0.03906;0.9
0.03907;0.9
0.03908;0.9
0.03909;0.9
0.0391;0.9
0.03911;0.9
0.03912;0.9
0.03913;0.9
0.03914;0.9
0.03915;0.9
0.03916;0.9
0.03917;0.9
0.03918;0.9
0.03919;0.9
0.0392;0.9
0.03921;0.9
0.03922;0.9
0.03923;0.9
0.03924;0.9
0.03925;0.9
0.03926;0.9
0.03927;0.9
0.03928;0.9
0.03929;0.9
0.0393;0.9
0.03931;0.9
0.03932;0.9
0.03933;0.9
0.03934;0.9
0.03935;0.9
0.03936;0.9
0.03937;0.9
0.03938;0.9
0.03939;0.9
0.0394;0.9
0.03941;0.9
0.03942;0.9
0.03943;0.9
0.03944;0.9
0.03945;0.9
0.03946;0.9
0.03947;0.9
0.03948;0.9
0.03949;0.9
0.0395;0.9
0.03951;0.9
0.03952;0.9
0.03953;0.9
0.03954;0.9
0.03955;0.9
0.03956;0.9
0.03957;0.9
0.03958;0.9
0.03959;0.9
0.0396;0.9
0.03961;0.9
0.03962;0.9
0.03963;0.9
0.03964;0.9
0.03965;0.9
0.03966;0.9
0.03967;0.9
0.03968;0.9
0.03969;0.9
0.0397;0.9
0.03971;0.9
0.03972;0.9
0.03973;0.9
0.03974;0.9
0.03975;0.9
0.03976;0.9
0.03977;0.9
0.03978;0.9
0.03979;0.9
0.0398;0.9
0.03981;0.9
0.03982;0.9
0.03983;0.9
0.03984;0.9
0.03985;0.9
0.03986;0.9
0.03987;0.9
0.03988;0.9
0.03989;0.9
0.0399;0.9
0.03991;0.9
0.03992;0.9
0.03993;0.9
0.03994;0.9
0.03995;0.9
0.03996;0.9
0.03997;0.9
0.03998;0.9
0.03999;0.9
0.04;0.9
0.04001;0.9
0.04002;0.9
0.04003;0.9
0.04004;0.9
0.04005;0.9
0.04006;0.9
0.04007;0.9
0.04008;0.9
0.04009;0.9
0.0401;0.9
0.04011;0.9
0.04012;0.9
0.04013;0.9
0.04014;0.9
0.04015;0.9
0.04016;0.9
0.04017;0.9
0.04018;0.9
0.04019;0.9
0.0402;0.9
0.04021;0.9
0.04022;0.9
0.04023;0.9
0.04024;0.9
0.04025;0.9
0.04026;0.9
0.04027;0.9
0.04028;0.9
0.04029;0.9
0.0403;0.9
0.04031;0.9
0.04032;0.9
0.04033;0.9
0.04034;0.9
0.04035;0.9
0.04036;0.9
0.04037;0.9
0.04038;0.9
0.04039;0.9
0.0404;0.9
0.04041;0.9
0.04042;0.9
0.04043;0.9
0.04044;0.9
0.04045;0.9
0.04046;0.9
0.04047;0.9
0.04048;0.9
0.04049;0.9
0.0405;0.9
0.04051;0.9
0.04052;0.9
0.04053;0.9
0.04054;0.9
0.04055;0.9
0.04056;0.9
0.04057;0.9
0.04058;0.9
0.04059;0.9
0.0406;0.9
0.04061;0.9
0.04062;0.9
0.04063;0.9
0.04064;0.9
0.04065;0.9
0.04066;0.9
0.04067;0.9
0.04068;0.9
0.04069;0.9
0.0407;0.9
0.04071;0.9
0.04072;0.9
0.04073;0.9
0.04074;0.9
0.04075;0.9
0.04076;0.9
0.04077;0.9
0.04078;0.9
0.04079;0.9
0.0408;0.9
0.04081;0.9
0.04082;0.9
0.04083;0.9
0.04084;0.9
0.04085;0.9
0.04086;0.9
0.04087;0.9
0.04088;0.9
0.04089;0.9
0.0409;0.9
0.04091;0.9
0.04092;0.9
0.04093;0.9
0.04094;0.9
0.04095;0.9
0.04096;0.9
0.04097;0.9
0.04098;0.9
0.04099;0.9
0.041;0.9
0.04101;0.9
0.04102;0.9
0.04103;0.9
0.04104;0.9
0.04105;0.9
0.04106;0.9
0.04107;0.9
0.04108;0.9
0.04109;0.9
0.0411;0.9
0.04111;0.9
0.04112;0.9
0.04113;0.9
0.04114;0.9
0.04115;0.9
0.04116;0.9
0.04117;0.9
0.04118;0.9
0.04119;0.9
0.0412;0.9
0.04121;0.9
0.04122;0.9
0.04123;0.9
0.04124;0.9
0.04125;0.9
0.04126;0.9
0.04127;0.9
0.04128;0.9
0.04129;0.9
0.0413;0.9
0.04131;0.9
0.04132;0.9
0.04133;0.9
0.04134;0.9
0.04135;0.9
0.04136;0.9
0.04137;0.9
0.04138;0.9
0.04139;0.9
0.0414;0.9
0.04141;0.9
0.04142;0.9
0.04143;0.9
0.04144;0.9
0.04145;0.9
0.04146;0.9
0.04147;0.9
0.04148;0.9
0.04149;0.9
0.0415;0.9
0.04151;0.9
0.04152;0.9
0.04153;0.9
0.04154;0.9
0.04155;0.9
0.04156;0.9
0.04157;0.9
0.04158;0.9
0.04159;0.9
0.0416;0.9
0.04161;0.9
0.04162;0.9
0.04163;0.9
0.04164;0.9
0.04165;0.9
0.04166;0.9
0.04167;0.9
0.04168;0.9
0.04169;0.9
0.0417;0.9
0.04171;0.9
0.04172;0.9
0.04173;0.9
0.04174;0.9
0.04175;0.9
0.04176;0.9
0.04177;0.9
0.04178;0.9
0.04179;0.9
0.0418;0.9
0.04181;0.9
0.04182;0.9
0.04183;0.9
0.04184;0.9
0.04185;0.9
0.04186;0.9
0.04187;0.9
0.04188;0.9
0.04189;0.9
0.0419;0.9
0.04191;0.9
0.04192;0.9
0.04193;0.9
0.04194;0.9
0.04195;0.9
0.04196;0.9
0.04197;0.9
0.04198;0.9
0.04199;0.9
0.042;0.9
0.04201;0.9
0.04202;0.9
0.04203;0.9
0.04204;0.9
0.04205;0.9
0.04206;0.9
0.04207;0.9
0.04208;0.9
0.04209;0.9
0.0421;0.9
0.04211;0.9
0.04212;0.9
0.04213;0.9
0.04214;0.9
0.04215;0.9
0.04216;0.9
0.04217;0.9
0.04218;0.9
0.04219;0.9
0.0422;0.9
0.04221;0.9
0.04222;0.9
0.04223;0.9
0.04224;0.9
0.04225;0.9
0.04226;0.9
0.04227;0.9
0.04228;0.9
0.04229;0.9
0.0423;0.9
0.04231;0.9
0.04232;0.9
0.04233;0.9
0.04234;0.9
0.04235;0.9
0.04236;0.9
0.04237;0.9
0.04238;0.9
0.04239;0.9
0.0424;0.9
0.04241;0.9
0.04242;0.9
0.04243;0.9
0.04244;0.9
0.04245;0.9
0.04246;0.9
0.04247;0.9
0.04248;0.9
0.04249;0.9
0.0425;0.9
0.04251;0.9
0.04252;0.9
0.04253;0.9
0.04254;0.9
0.04255;0.9
0.04256;0.9
0.04257;0.9
0.04258;0.9
0.04259;0.9
0.0426;0.9
0.04261;0.9
0.04262;0.9
0.04263;0.9
0.04264;0.9
0.04265;0.9
0.04266;0.9
0.04267;0.9
0.04268;0.9
0.04269;0.9
0.0427;0.9
0.04271;0.9
0.04272;0.9
0.04273;0.9
0.04274;0.9
0.04275;0.9
0.04276;0.9
0.04277;0.9
0.04278;0.9
0.04279;0.9
0.0428;0.9
0.04281;0.9
0.04282;0.9
0.04283;0.9
0.04284;0.9
0.04285;0.9
0.04286;0.9
0.04287;0.9
0.04288;0.9
0.04289;0.9
0.0429;0.9
0.04291;0.9
0.04292;0.9
0.04293;0.9
0.04294;0.9
0.04295;0.9
0.04296;0.9
0.04297;0.9
0.04298;0.9
0.04299;0.9
0.043;0.9
0.04301;0.9
0.04302;0.9
0.04303;0.9
0.04304;0.9
0.04305;0.9
0.04306;0.9
0.04307;0.9
0.04308;0.9
0.04309;0.9
0.0431;0.9
0.04311;0.9
0.04312;0.9
0.04313;0.9
0.04314;0.9
0.04315;0.9
0.04316;0.9
0.04317;0.9
0.04318;0.9
0.04319;0.9
0.0432;0.9
0.04321;0.9
0.04322;0.9
0.04323;0.9
0.04324;0.9
0.04325;0.9
0.04326;0.9
0.04327;0.9
0.04328;0.9
0.04329;0.9
0.0433;0.9
0.04331;0.9
0.04332;0.9
0.04333;0.9
0.04334;0.9
0.04335;0.9
0.04336;0.9
0.04337;0.9
0.04338;0.9
0.04339;0.9
0.0434;0.9
0.04341;0.9
0.04342;0.9
0.04343;0.9
0.04344;0.9
0.04345;0.9
0.04346;0.9
0.04347;0.9
0.04348;0.9
0.04349;0.9
0.0435;0.9
0.04351;0.9
0.04352;0.9
0.04353;0.9
0.04354;0.9
0.04355;0.9
0.04356;0.9
0.04357;0.9
0.04358;0.9
0.04359;0.9
0.0436;0.9
0.04361;0.9
0.04362;0.9
0.04363;0.9
0.04364;0.9
0.04365;0.9
0.04366;0.9
0.04367;0.9
0.04368;0.9
0.04369;0.9
0.0437;0.9
0.04371;0.9
0.04372;0.9
0.04373;0.9
0.04374;0.9
0.04375;0.9
0.04376;0.9
0.04377;0.9
0.04378;0.9
0.04379;0.9
0.0438;0.9
0.04381;0.9
0.04382;0.9
0.04383;0.9
0.04384;0.9
0.04385;0.9
0.04386;0.9
0.04387;0.9
0.04388;0.9
0.04389;0.9
0.0439;0.9
0.04391;0.9
0.04392;0.9
0.04393;0.9
0.04394;0.9
0.04395;0.9
0.04396;0.9
0.04397;0.9
0.04398;0.9
0.04399;0.9
0.044;0.9
0.04401;0.9
0.04402;0.9
0.04403;0.9
0.04404;0.9
0.04405;0.9
0.04406;0.9
0.04407;0.9
0.04408;0.9
0.04409;0.9
0.0441;0.9
0.04411;0.9
0.04412;0.9
0.04413;0.9
0.04414;0.9
0.04415;0.9
0.04416;0.9
0.04417;0.9
0.04418;0.9
0.04419;0.9
0.0442;0.9
0.04421;0.9
0.04422;0.9
0.04423;0.9
0.04424;0.9
0.04425;0.9
0.04426;0.9
0.04427;0.9
0.04428;0.9
0.04429;0.9
0.0443;0.9
0.04431;0.9
0.04432;0.9
0.04433;0.9
0.04434;0.9
0.04435;0.9
0.04436;0.9
0.04437;0.9
0.04438;0.9
0.04439;0.9
0.0444;0.9
0.04441;0.9
0.04442;0.9
0.04443;0.9
0.04444;0.9
0.04445;0.9
0.04446;0.9
0.04447;0.9
0.04448;0.9
0.04449;0.9
0.0445;0.9
0.04451;0.9
0.04452;0.9
0.04453;0.9
0.04454;0.9
0.04455;0.9
0.04456;0.9
0.04457;0.9
0.04458;0.9
0.04459;0.9
0.0446;0.9
0.04461;0.9
0.04462;0.9
0.04463;0.9
0.04464;0.9
0.04465;0.9
0.04466;0.9
0.04467;0.9
0.04468;0.9
0.04469;0.9
0.0447;0.9
0.04471;0.9
0.04472;0.9
0.04473;0.9
0.04474;0.9
0.04475;0.9
0.04476;0.9
0.04477;0.9
0.04478;0.9
0.04479;0.9
0.0448;0.9
0.04481;0.9
0.04482;0.9
0.04483;0.9
0.04484;0.9
0.04485;0.9
0.04486;0.9
0.04487;0.9
0.04488;0.9
0.04489;0.9
0.0449;0.9
0.04491;0.9
0.04492;0.9
0.04493;0.9
0.04494;0.9
0.04495;0.9
0.04496;0.9
0.04497;0.9
0.04498;0.9
0.04499;0.9
0.045;0.9
0.04501;0.9
0.04502;0.9
0.04503;0.9
0.04504;0.9
0.04505;0.9
0.04506;0.9
0.04507;0.9
0.04508;0.9
0.04509;0.9
0.0451;0.9
0.04511;0.9
0.04512;0.9
0.04513;0.9
0.04514;0.9
0.04515;0.9
0.04516;0.9
0.04517;0.9
0.04518;0.9
0.04519;0.9
0.0452;0.9
0.04521;0.9
0.04522;0.9
0.04523;0.9
0.04524;0.9
0.04525;0.9
0.04526;0.9
0.04527;0.9
0.04528;0.9
0.04529;0.9
0.0453;0.9
0.04531;0.9
0.04532;0.9
0.04533;0.9
0.04534;0.9
0.04535;0.9
0.04536;0.9
0.04537;0.9
0.04538;0.9
0.04539;0.9
0.0454;0.9
0.04541;0.9
0.04542;0.9
0.04543;0.9
0.04544;0.9
0.04545;0.9
0.04546;0.9
0.04547;0.9
0.04548;0.9
0.04549;0.9
0.0455;0.9
0.04551;0.9
0.04552;0.9
0.04553;0.9
0.04554;0.9
0.04555;0.9
0.04556;0.9
0.04557;0.9
0.04558;0.9
0.04559;0.9
0.0456;0.9
0.04561;0.9
0.04562;0.9
0.04563;0.9
0.04564;0.9
0.04565;0.9
0.04566;0.9
0.04567;0.9
0.04568;0.9
0.04569;0.9
0.0457;0.9
0.04571;0.9
0.04572;0.9
0.04573;0.9
0.04574;0.9
0.04575;0.9
0.04576;0.9
0.04577;0.9
0.04578;0.9
0.04579;0.9
0.0458;0.9
0.04581;0.9
0.04582;0.9
0.04583;0.9
0.04584;0.9
0.04585;0.9
0.04586;0.9
0.04587;0.9
0.04588;0.9
0.04589;0.9
0.0459;0.9
0.04591;0.9
0.04592;0.9
0.04593;0.9
0.04594;0.9
0.04595;0.9
0.04596;0.9
0.04597;0.9
0.04598;0.9
0.04599;0.9
0.046;0.9
0.04601;0.9
0.04602;0.9
0.04603;0.9
0.04604;0.9
0.04605;0.9
0.04606;0.9
0.04607;0.9
0.04608;0.9
0.04609;0.9
0.0461;0.9
0.04611;0.9
0.04612;0.9
0.04613;0.9
0.04614;0.9
0.04615;0.9
0.04616;0.9
0.04617;0.9
0.04618;0.9
0.04619;0.9
0.0462;0.9
0.04621;0.9
0.04622;0.9
0.04623;0.9
0.04624;0.9
0.04625;0.9
0.04626;0.9
0.04627;0.9
0.04628;0.9
0.04629;0.9
0.0463;0.9
0.04631;0.9
0.04632;0.9
0.04633;0.9
0.04634;0.9
0.04635;0.9
0.04636;0.9
0.04637;0.9
0.04638;0.9
0.04639;0.9
0.0464;0.9
0.04641;0.9
0.04642;0.9
0.04643;0.9
0.04644;0.9
0.04645;0.9
0.04646;0.9
0.04647;0.9
0.04648;0.9
0.04649;0.9
0.0465;0.9
0.04651;0.9
0.04652;0.9
0.04653;0.9
0.04654;0.9
0.04655;0.9
0.04656;0.9
0.04657;0.9
0.04658;0.9
0.04659;0.9
0.0466;0.9
0.04661;0.9
0.04662;0.9
0.04663;0.9
0.04664;0.9
0.04665;0.9
0.04666;0.9
0.04667;0.9
0.04668;0.9
0.04669;0.9
0.0467;0.9
0.04671;0.9
0.04672;0.9
0.04673;0.9
0.04674;0.9
0.04675;0.9
0.04676;0.9
0.04677;0.9
0.04678;0.9
0.04679;0.9
0.0468;0.9
0.04681;0.9
0.04682;0.9
0.04683;0.9
0.04684;0.9
0.04685;0.9
0.04686;0.9
0.04687;0.9
0.04688;0.9
0.04689;0.9
0.0469;0.9
0.04691;0.9
0.04692;0.9
0.04693;0.9
0.04694;0.9
0.04695;0.9
0.04696;0.9
0.04697;0.9
0.04698;0.9
0.04699;0.9
0.047;0.9
0.04701;0.9
0.04702;0.9
0.04703;0.9
0.04704;0.9
0.04705;0.9
0.04706;0.9
0.04707;0.9
0.04708;0.9
0.04709;0.9
0.0471;0.9
0.04711;0.9
0.04712;0.9
0.04713;0.9
0.04714;0.9
0.04715;0.9
0.04716;0.9
0.04717;0.9
0.04718;0.9
0.04719;0.9
0.0472;0.9
0.04721;0.9
0.04722;0.9
0.04723;0.9
0.04724;0.9
0.04725;0.9
0.04726;0.9
0.04727;0.9
0.04728;0.9
0.04729;0.9
0.0473;0.9
0.04731;0.9
0.04732;0.9
0.04733;0.9
0.04734;0.9
0.04735;0.9
0.04736;0.9
0.04737;0.9
0.04738;0.9
0.04739;0.9
0.0474;0.9
0.04741;0.9
0.04742;0.9
0.04743;0.9
0.04744;0.9
0.04745;0.9
0.04746;0.9
0.04747;0.9
0.04748;0.9
0.04749;0.9
0.0475;0.9
0.04751;0.9
0.04752;0.9
0.04753;0.9
0.04754;0.9
0.04755;0.9
0.04756;0.9
0.04757;0.9
0.04758;0.9
0.04759;0.9
0.0476;0.9
0.04761;0.9
0.04762;0.9
0.04763;0.9
0.04764;0.9
0.04765;0.9
0.04766;0.9
0.04767;0.9
0.04768;0.9
0.04769;0.9
0.0477;0.9
0.04771;0.9
0.04772;0.9
0.04773;0.9
0.04774;0.9
0.04775;0.9
0.04776;0.9
0.04777;0.9
0.04778;0.9
0.04779;0.9
0.0478;0.9
0.04781;0.9
0.04782;0.9
0.04783;0.9
0.04784;0.9
0.04785;0.9
0.04786;0.9
0.04787;0.9
0.04788;0.9
0.04789;0.9
0.0479;0.9
0.04791;0.9
0.04792;0.9
0.04793;0.9
0.04794;0.9
0.04795;0.9
0.04796;0.9
0.04797;0.9
0.04798;0.9
0.04799;0.9
0.048;0.9
0.04801;0.9
0.04802;0.9
0.04803;0.9
0.04804;0.9
0.04805;0.9
0.04806;0.9
0.04807;0.9
0.04808;0.9
0.04809;0.9
0.0481;0.9
0.04811;0.9
0.04812;0.9
0.04813;0.9
0.04814;0.9
0.04815;0.9
0.04816;0.9
0.04817;0.9
0.04818;0.9
0.04819;0.9
0.0482;0.9
0.04821;0.9
0.04822;0.9
0.04823;0.9
0.04824;0.9
0.04825;0.9
0.04826;0.9
0.04827;0.9
0.04828;0.9
0.04829;0.9
0.0483;0.9
0.04831;0.9
0.04832;0.9
0.04833;0.9
0.04834;0.9
0.04835;0.9
0.04836;0.9
0.04837;0.9
0.04838;0.9
0.04839;0.9
0.0484;0.9
0.04841;0.9
0.04842;0.9
0.04843;0.9
0.04844;0.9
0.04845;0.9
0.04846;0.9
0.04847;0.9
0.04848;0.9
0.04849;0.9
0.0485;0.9
0.04851;0.9
0.04852;0.9
0.04853;0.9
0.04854;0.9
0.04855;0.9
0.04856;0.9
0.04857;0.9
0.04858;0.9
0.04859;0.9
0.0486;0.9
0.04861;0.9
0.04862;0.9
0.04863;0.9
0.04864;0.9
0.04865;0.9
0.04866;0.9
0.04867;0.9
0.04868;0.9
0.04869;0.9
0.0487;0.9
0.04871;0.9
0.04872;0.9
0.04873;0.9
0.04874;0.9
0.04875;0.9
0.04876;0.9
0.04877;0.9
0.04878;0.9
0.04879;0.9
0.0488;0.9
0.04881;0.9
0.04882;0.9
0.04883;0.9
0.04884;0.9
0.04885;0.9
0.04886;0.9
0.04887;0.9
0.04888;0.9
0.04889;0.9
0.0489;0.9
0.04891;0.9
0.04892;0.9
0.04893;0.9
0.04894;0.9
0.04895;0.9
0.04896;0.9
0.04897;0.9
0.04898;0.9
0.04899;0.9
0.049;0.9
0.04901;0.9
0.04902;0.9
0.04903;0.9
0.04904;0.9
0.04905;0.9
0.04906;0.9
0.04907;0.9
0.04908;0.9
0.04909;0.9
0.0491;0.9
0.04911;0.9
0.04912;0.9
0.04913;0.9
0.04914;0.9
0.04915;0.9
0.04916;0.9
0.04917;0.9
0.04918;0.9
0.04919;0.9
0.0492;0.9
0.04921;0.9
0.04922;0.9
0.04923;0.9
0.04924;0.9
0.04925;0.9
0.04926;0.9
0.04927;0.9
0.04928;0.9
0.04929;0.9
0.0493;0.9
0.04931;0.9
0.04932;0.9
0.04933;0.9
0.04934;0.9
0.04935;0.9
0.04936;0.9
0.04937;0.9
0.04938;0.9
0.04939;0.9
0.0494;0.9
0.04941;0.9
0.04942;0.9
0.04943;0.9
0.04944;0.9
0.04945;0.9
0.04946;0.9
0.04947;0.9
0.04948;0.9
0.04949;0.9
0.0495;0.9
0.04951;0.9
0.04952;0.9
0.04953;0.9
0.04954;0.9
0.04955;0.9
0.04956;0.9
0.04957;0.9
0.04958;0.9
0.04959;0.9
0.0496;0.9
0.04961;0.9
0.04962;0.9
0.04963;0.9
0.04964;0.9
0.04965;0.9
0.04966;0.9
0.04967;0.9
0.04968;0.9
0.04969;0.9
0.0497;0.9
0.04971;0.9
0.04972;0.9
0.04973;0.9
0.04974;0.9
0.04975;0.9
0.04976;0.9
0.04977;0.9
0.04978;0.9
0.04979;0.9
0.0498;0.9
0.04981;0.9
0.04982;0.9
0.04983;0.9
0.04984;0.9
0.04985;0.9
0.04986;0.9
0.04987;0.9
0.04988;0.9
0.04989;0.9
0.0499;0.9
0.04991;0.9
0.04992;0.9
0.04993;0.9
0.04994;0.9
0.04995;0.9
0.04996;0.9
0.04997;0.9
0.04998;0.9
0.04999;0.9
0.05;0.9
0.05001;0.9
0.05002;0.9
0.05003;0.9
0.05004;0.9
0.05005;0.9
0.05006;0.9
0.05007;0.9
0.05008;0.9
0.05009;0.9
0.0501;0.9
0.05011;0.9
0.05012;0.9
0.05013;0.9
0.05014;0.9
0.05015;0.9
0.05016;0.9
0.05017;0.9
0.05018;0.9
0.05019;0.9
0.0502;0.9
0.05021;0.9
0.05022;0.9
0.05023;0.9
0.05024;0.9
0.05025;0.9
0.05026;0.9
0.05027;0.9
0.05028;0.9
0.05029;0.9
0.0503;0.9
0.05031;0.9
0.05032;0.9
0.05033;0.9
0.05034;0.9
0.05035;0.9
0.05036;0.9
0.05037;0.9
0.05038;0.9
0.05039;0.9
0.0504;0.9
0.05041;0.9
0.05042;0.9
0.05043;0.9
0.05044;0.9
0.05045;0.9
0.05046;0.9
0.05047;0.9
0.05048;0.9
0.05049;0.9
0.0505;0.9
0.05051;0.9
0.05052;0.9
0.05053;0.9
0.05054;0.9
0.05055;0.9
0.05056;0.9
0.05057;0.9
0.05058;0.9
0.05059;0.9
0.0506;0.9
0.05061;0.9
0.05062;0.9
0.05063;0.9
0.05064;0.9
0.05065;0.9
0.05066;0.9
0.05067;0.9
0.05068;0.9
0.05069;0.9
0.0507;0.9
0.05071;0.9
0.05072;0.9
0.05073;0.9
0.05074;0.9
0.05075;0.9
0.05076;0.9
0.05077;0.9
0.05078;0.9
0.05079;0.9
0.0508;0.9
0.05081;0.9
0.05082;0.9
0.05083;0.9
0.05084;0.9
0.05085;0.9
0.05086;0.9
0.05087;0.9
0.05088;0.9
0.05089;0.9
0.0509;0.9
0.05091;0.9
0.05092;0.9
0.05093;0.9
0.05094;0.9
0.05095;0.9
0.05096;0.9
0.05097;0.9
0.05098;0.9
0.05099;0.9
0.051;0.9
0.05101;0.9
0.05102;0.9
0.05103;0.9
0.05104;0.9
0.05105;0.9
0.05106;0.9
0.05107;0.9
0.05108;0.9
0.05109;0.9
0.0511;0.9
0.05111;0.9
0.05112;0.9
0.05113;0.9
0.05114;0.9
0.05115;0.9
0.05116;0.9
0.05117;0.9
0.05118;0.9
0.05119;0.9
0.0512;0.9
0.05121;0.9
0.05122;0.9
0.05123;0.9
0.05124;0.9
0.05125;0.9
0.05126;0.9
0.05127;0.9
0.05128;0.9
0.05129;0.9
0.0513;0.9
0.05131;0.9
0.05132;0.9
0.05133;0.9
0.05134;0.9
0.05135;0.9
0.05136;0.9
0.05137;0.9
0.05138;0.9
0.05139;0.9
0.0514;0.9
0.05141;0.9
0.05142;0.9
0.05143;0.9
0.05144;0.9
0.05145;0.9
0.05146;0.9
0.05147;0.9
0.05148;0.9
0.05149;0.9
0.0515;0.9
0.05151;0.9
0.05152;0.9
0.05153;0.9
0.05154;0.9
0.05155;0.9
0.05156;0.9
0.05157;0.9
0.05158;0.9
0.05159;0.9
0.0516;0.9
0.05161;0.9
0.05162;0.9
0.05163;0.9
0.05164;0.9
0.05165;0.9
0.05166;0.9
0.05167;0.9
0.05168;0.9
0.05169;0.9
0.0517;0.9
0.05171;0.9
0.05172;0.9
0.05173;0.9
0.05174;0.9
0.05175;0.9
0.05176;0.9
0.05177;0.9
0.05178;0.9
0.05179;0.9
0.0518;0.9
0.05181;0.9
0.05182;0.9
0.05183;0.9
0.05184;0.9
0.05185;0.9
0.05186;0.9
0.05187;0.9
0.05188;0.9
0.05189;0.9
0.0519;0.9
0.05191;0.9
0.05192;0.9
0.05193;0.9
0.05194;0.9
0.05195;0.9
0.05196;0.9
0.05197;0.9
0.05198;0.9
0.05199;0.9
0.052;0.9
0.05201;0.9
0.05202;0.9
0.05203;0.9
0.05204;0.9
0.05205;0.9
0.05206;0.9
0.05207;0.9
0.05208;0.9
0.05209;0.9
0.0521;0.9
0.05211;0.9
0.05212;0.9
0.05213;0.9
0.05214;0.9
0.05215;0.9
0.05216;0.9
0.05217;0.9
0.05218;0.9
0.05219;0.9
0.0522;0.9
0.05221;0.9
0.05222;0.9
0.05223;0.9
0.05224;0.9
0.05225;0.9
0.05226;0.9
0.05227;0.9
0.05228;0.9
0.05229;0.9
0.0523;0.9
0.05231;0.9
0.05232;0.9
0.05233;0.9
0.05234;0.9
0.05235;0.9
0.05236;0.9
0.05237;0.9
0.05238;0.9
0.05239;0.9
0.0524;0.9
0.05241;0.9
0.05242;0.9
0.05243;0.9
0.05244;0.9
0.05245;0.9
0.05246;0.9
0.05247;0.9
0.05248;0.9
0.05249;0.9
0.0525;0.9
0.05251;0.9
0.05252;0.9
0.05253;0.9
0.05254;0.9
0.05255;0.9
0.05256;0.9
0.05257;0.9
0.05258;0.9
0.05259;0.9
0.0526;0.9
0.05261;0.9
0.05262;0.9
0.05263;0.9
0.05264;0.9
0.05265;0.9
0.05266;0.9
0.05267;0.9
0.05268;0.9
0.05269;0.9
0.0527;0.9
0.05271;0.9
0.05272;0.9
0.05273;0.9
0.05274;0.9
0.05275;0.9
0.05276;0.9
0.05277;0.9
0.05278;0.9
0.05279;0.9
0.0528;0.9
0.05281;0.9
0.05282;0.9
0.05283;0.9
0.05284;0.9
0.05285;0.9
0.05286;0.9
0.05287;0.9
0.05288;0.9
0.05289;0.9
0.0529;0.9
0.05291;0.9
0.05292;0.9
0.05293;0.9
0.05294;0.9
0.05295;0.9
0.05296;0.9
0.05297;0.9
0.05298;0.9
0.05299;0.9
0.053;0.9
0.05301;0.9
0.05302;0.9
0.05303;0.9
0.05304;0.9
0.05305;0.9
0.05306;0.9
0.05307;0.9
0.05308;0.9
0.05309;0.9
0.0531;0.9
0.05311;0.9
0.05312;0.9
0.05313;0.9
0.05314;0.9
0.05315;0.9
0.05316;0.9
0.05317;0.9
0.05318;0.9
0.05319;0.9
0.0532;0.9
0.05321;0.9
0.05322;0.9
0.05323;0.9
0.05324;0.9
0.05325;0.9
0.05326;0.9
0.05327;0.9
0.05328;0.9
0.05329;0.9
0.0533;0.9
0.05331;0.9
0.05332;0.9
0.05333;0.9
0.05334;0.9
0.05335;0.9
0.05336;0.9
0.05337;0.9
0.05338;0.9
0.05339;0.9
0.0534;0.9
0.05341;0.9
0.05342;0.9
0.05343;0.9
0.05344;0.9
0.05345;0.9
0.05346;0.9
0.05347;0.9
0.05348;0.9
0.05349;0.9
0.0535;0.9
0.05351;0.9
0.05352;0.9
0.05353;0.9
0.05354;0.9
0.05355;0.9
0.05356;0.9
0.05357;0.9
0.05358;0.9
0.05359;0.9
0.0536;0.9
0.05361;0.9
0.05362;0.9
0.05363;0.9
0.05364;0.9
0.05365;0.9
0.05366;0.9
0.05367;0.9
0.05368;0.9
0.05369;0.9
0.0537;0.9
0.05371;0.9
0.05372;0.9
0.05373;0.9
0.05374;0.9
0.05375;0.9
0.05376;0.9
0.05377;0.9
0.05378;0.9
0.05379;0.9
0.0538;0.9
0.05381;0.9
0.05382;0.9
0.05383;0.9
0.05384;0.9
0.05385;0.9
0.05386;0.9
0.05387;0.9
0.05388;0.9
0.05389;0.9
0.0539;0.9
0.05391;0.9
0.05392;0.9
0.05393;0.9
0.05394;0.9
0.05395;0.9
0.05396;0.9
0.05397;0.9
0.05398;0.9
0.05399;0.9
0.054;0.9
