rpm,air_gap_mm,B0_T,torque_Nm
1000,12.0,0.0726956118,0.0066527787
1000,12.5,0.0681449248,0.0058459315
1000,13.0,0.0639606584,0.0051500629
1000,13.5,0.0601075765,0.0045482583
1000,14.0,0.0565542822,0.0040264070
1000,14.5,0.0532727645,0.0035727050
1000,15.0,0.0502380007,0.0031772500
1000,15.5,0.0474276070,0.0028317122
1000,16.0,0.0448215321,0.0025290655
1000,16.5,0.0424017888,0.0022633673
1000,17.0,0.0401522180,0.0020295781
1000,17.5,0.0380582820,0.0018234130
1000,18.0,0.0361068831,0.0016412196
1000,18.5,0.0342862036,0.0014798765
1000,19.0,0.0325855656,0.0013367100
1000,19.5,0.0309953075,0.0012094240
1000,20.0,0.0295066750,0.0010960421
1000,20.5,0.0281117247,0.0009948593
1000,21.0,0.0268032395,0.0009044015
1000,21.5,0.0255746534,0.0008233912
1000,22.0,0.0244199845,0.0007507191
1000,22.5,0.0233337766,0.0006854200
1000,23.0,0.0223110462,0.0006266522
1000,23.5,0.0213472362,0.0005736804
1000,24.0,0.0204381743,0.0005258609
1000,24.5,0.0195800358,0.0004826293
1000,25.0,0.0187693108,0.0004434895
1000,25.5,0.0180027744,0.0004080051
1000,26.0,0.0172774603,0.0003757911
1000,26.5,0.0165906373,0.0003465076
1000,27.0,0.0159397875,0.0003198540
1000,27.5,0.0153225879,0.0002955636
1000,28.0,0.0147368924,0.0002734000
1000,28.5,0.0141807169,0.0002531530
1000,29.0,0.0136522249,0.0002346354
1000,29.5,0.0131497152,0.0002176804
1000,30.0,0.0126716103,0.0002021391
1000,30.5,0.0122164460,0.0001878782
1000,31.0,0.0117828622,0.0001747786
1000,31.5,0.0113695943,0.0001627334
1000,32.0,0.0109754656,0.0001516466
1000,32.5,0.0105993799,0.0001414320
1000,33.0,0.0102403159,0.0001320120
1000,33.5,0.0098973204,0.0001233167
1000,34.0,0.0095695038,0.0001152831
1000,34.5,0.0092560348,0.0001078541
1000,35.0,0.0089561363,0.0001009783
1100,12.0,0.0726956118,0.0073180466
1100,12.5,0.0681449248,0.0064305158
1100,13.0,0.0639606584,0.0056650615
1100,13.5,0.0601075765,0.0050030773
1100,14.0,0.0565542822,0.0044290417
1100,14.5,0.0532727645,0.0039299701
1100,15.0,0.0502380007,0.0034949702
1100,15.5,0.0474276070,0.0031148792
1100,16.0,0.0448215321,0.0027819683
1100,16.5,0.0424017888,0.0024897007
1100,17.0,0.0401522180,0.0022325328
1100,17.5,0.0380582820,0.0020057516
1100,18.0,0.0361068831,0.0018053391
1100,18.5,0.0342862036,0.0016278620
1100,19.0,0.0325855656,0.0014703790
1100,19.5,0.0309953075,0.0013303646
1100,20.0,0.0295066750,0.0012056446
1100,20.5,0.0281117247,0.0010943437
1100,21.0,0.0268032395,0.0009948403
1100,21.5,0.0255746534,0.0009057290
1100,22.0,0.0244199845,0.0008257899
1100,22.5,0.0233337766,0.0007539609
1100,23.0,0.0223110462,0.0006893165
1100,23.5,0.0213472362,0.0006310476
1100,24.0,0.0204381743,0.0005784462
1100,24.5,0.0195800358,0.0005308915
1100,25.0,0.0187693108,0.0004878378
1100,25.5,0.0180027744,0.0004488050
1100,26.0,0.0172774603,0.0004133696
1100,26.5,0.0165906373,0.0003811579
1100,27.0,0.0159397875,0.0003518389
1100,27.5,0.0153225879,0.0003251195
1100,28.0,0.0147368924,0.0003007396
1100,28.5,0.0141807169,0.0002784679
1100,29.0,0.0136522249,0.0002580986
1100,29.5,0.0131497152,0.0002394481
1100,30.0,0.0126716103,0.0002223527
1100,30.5,0.0122164460,0.0002066658
1100,31.0,0.0117828622,0.0001922562
1100,31.5,0.0113695943,0.0001790065
1100,32.0,0.0109754656,0.0001668110
1100,32.5,0.0105993799,0.0001555750
1100,33.0,0.0102403159,0.0001452130
1100,33.5,0.0098973204,0.0001356482
1100,34.0,0.0095695038,0.0001268112
1100,34.5,0.0092560348,0.0001186393
1100,35.0,0.0089561363,0.0001110760
1200,12.0,0.0726956118,0.0079833116
1200,12.5,0.0681449248,0.0070150977
1200,13.0,0.0639606584,0.0061800578
1200,13.5,0.0601075765,0.0054578943
1200,14.0,0.0565542822,0.0048316746
1200,14.5,0.0532727645,0.0042872337
1200,15.0,0.0502380007,0.0038126890
1200,15.5,0.0474276070,0.0033980449
1200,16.0,0.0448215321,0.0030348699
1200,16.5,0.0424017888,0.0027160330
1200,17.0,0.0401522180,0.0024354867
1200,17.5,0.0380582820,0.0021880893
1200,18.0,0.0361068831,0.0019694578
1200,18.5,0.0342862036,0.0017758468
1200,19.0,0.0325855656,0.0016040475
1200,19.5,0.0309953075,0.0014513046
1200,20.0,0.0295066750,0.0013152467
1200,20.5,0.0281117247,0.0011938277
1200,21.0,0.0268032395,0.0010852787
1200,21.5,0.0255746534,0.0009880666
1200,22.0,0.0244199845,0.0009008603
1200,22.5,0.0233337766,0.0008225016
1200,23.0,0.0223110462,0.0007519805
1200,23.5,0.0213472362,0.0006884145
1200,24.0,0.0204381743,0.0006310313
1200,24.5,0.0195800358,0.0005791535
1200,25.0,0.0187693108,0.0005321859
1200,25.5,0.0180027744,0.0004896047
1200,26.0,0.0172774603,0.0004509480
1200,26.5,0.0165906373,0.0004158080
1200,27.0,0.0159397875,0.0003838237
1200,27.5,0.0153225879,0.0003546753
1200,28.0,0.0147368924,0.0003280791
1200,28.5,0.0141807169,0.0003037827
1200,29.0,0.0136522249,0.0002815617
1200,29.5,0.0131497152,0.0002612158
1200,30.0,0.0126716103,0.0002425662
1200,30.5,0.0122164460,0.0002254532
1200,31.0,0.0117828622,0.0002097337
1200,31.5,0.0113695943,0.0001952795
1200,32.0,0.0109754656,0.0001819754
1200,32.5,0.0105993799,0.0001697179
1200,33.0,0.0102403159,0.0001584139
1200,33.5,0.0098973204,0.0001479796
1200,34.0,0.0095695038,0.0001383393
1200,34.5,0.0092560348,0.0001294245
1200,35.0,0.0089561363,0.0001211736
1300,12.0,0.0726956118,0.0086485734
1300,12.5,0.0681449248,0.0075996767
1300,13.0,0.0639606584,0.0066950517
1300,13.5,0.0601075765,0.0059127092
1300,14.0,0.0565542822,0.0052343056
1300,14.5,0.0532727645,0.0046444956
1300,15.0,0.0502380007,0.0041304064
1300,15.5,0.0474276070,0.0036812093
1300,16.0,0.0448215321,0.0032877704
1300,16.5,0.0424017888,0.0029423643
1300,17.0,0.0401522180,0.0026384397
1300,17.5,0.0380582820,0.0023704262
1300,18.0,0.0361068831,0.0021335758
1300,18.5,0.0342862036,0.0019238309
1300,19.0,0.0325855656,0.0017377153
1300,19.5,0.0309953075,0.0015722441
1300,20.0,0.0295066750,0.0014248483
1300,20.5,0.0281117247,0.0012933113
1300,21.0,0.0268032395,0.0011757166
1300,21.5,0.0255746534,0.0010704037
1300,22.0,0.0244199845,0.0009759304
1300,22.5,0.0233337766,0.0008910420
1300,23.0,0.0223110462,0.0008146442
1300,23.5,0.0213472362,0.0007457811
1300,24.0,0.0204381743,0.0006836161
1300,24.5,0.0195800358,0.0006274152
1300,25.0,0.0187693108,0.0005765338
1300,25.5,0.0180027744,0.0005304042
1300,26.0,0.0172774603,0.0004885262
1300,26.5,0.0165906373,0.0004504579
1300,27.0,0.0159397875,0.0004158083
1300,27.5,0.0153225879,0.0003842309
1300,28.0,0.0147368924,0.0003554184
1300,28.5,0.0141807169,0.0003290974
1300,29.0,0.0136522249,0.0003050247
1300,29.5,0.0131497152,0.0002829833
1300,30.0,0.0126716103,0.0002627796
1300,30.5,0.0122164460,0.0002442406
1300,31.0,0.0117828622,0.0002272112
1300,31.5,0.0113695943,0.0002115524
1300,32.0,0.0109754656,0.0001971397
1300,32.5,0.0105993799,0.0001838607
1300,33.0,0.0102403159,0.0001716148
1300,33.5,0.0098973204,0.0001603110
1300,34.0,0.0095695038,0.0001498673
1300,34.5,0.0092560348,0.0001402097
1300,35.0,0.0089561363,0.0001312712
1400,12.0,0.0726956118,0.0093138319
1400,12.5,0.0681449248,0.0081842529
1400,13.0,0.0639606584,0.0072100430
1400,13.5,0.0601075765,0.0063675218
1400,14.0,0.0565542822,0.0056369346
1400,14.5,0.0532727645,0.0050017557
1400,15.0,0.0502380007,0.0044481221
1400,15.5,0.0474276070,0.0039643723
1400,16.0,0.0448215321,0.0035406696
1400,16.5,0.0424017888,0.0031686944
1400,17.0,0.0401522180,0.0028413916
1400,17.5,0.0380582820,0.0025527622
1400,18.0,0.0361068831,0.0022976930
1400,18.5,0.0342862036,0.0020718142
1400,19.0,0.0325855656,0.0018713824
1400,19.5,0.0309953075,0.0016931830
1400,20.0,0.0295066750,0.0015344493
1400,20.5,0.0281117247,0.0013927943
1400,21.0,0.0268032395,0.0012661541
1400,21.5,0.0255746534,0.0011527404
1400,22.0,0.0244199845,0.0010510001
1400,22.5,0.0233337766,0.0009595820
1400,23.0,0.0223110462,0.0008773076
1400,23.5,0.0213472362,0.0008031475
1400,24.0,0.0204381743,0.0007362007
1400,24.5,0.0195800358,0.0006756767
1400,25.0,0.0187693108,0.0006208814
1400,25.5,0.0180027744,0.0005712035
1400,26.0,0.0172774603,0.0005261043
1400,26.5,0.0165906373,0.0004851077
1400,27.0,0.0159397875,0.0004477928
1400,27.5,0.0153225879,0.0004137864
1400,28.0,0.0147368924,0.0003827576
1400,28.5,0.0141807169,0.0003544120
1400,29.0,0.0136522249,0.0003284875
1400,29.5,0.0131497152,0.0003047507
1400,30.0,0.0126716103,0.0002829930
1400,30.5,0.0122164460,0.0002630279
1400,31.0,0.0117828622,0.0002446885
1400,31.5,0.0113695943,0.0002278253
1400,32.0,0.0109754656,0.0002123039
1400,32.5,0.0105993799,0.0001980035
1400,33.0,0.0102403159,0.0001848156
1400,33.5,0.0098973204,0.0001726423
1400,34.0,0.0095695038,0.0001613953
1400,34.5,0.0092560348,0.0001509948
1400,35.0,0.0089561363,0.0001413687
1500,12.0,0.0726956118,0.0099790868
1500,12.5,0.0681449248,0.0087688258
1500,13.0,0.0639606584,0.0077250315
1500,13.5,0.0601075765,0.0068223319
1500,14.0,0.0565542822,0.0060395614
1500,14.5,0.0532727645,0.0053590138
1500,15.0,0.0502380007,0.0047658361
1500,15.5,0.0474276070,0.0042475337
1500,16.0,0.0448215321,0.0037935674
1500,16.5,0.0424017888,0.0033950234
1500,17.0,0.0401522180,0.0030443424
1500,17.5,0.0380582820,0.0027350972
1500,18.0,0.0361068831,0.0024618093
1500,18.5,0.0342862036,0.0022197967
1500,19.0,0.0325855656,0.0020050487
1500,19.5,0.0309953075,0.0018141212
1500,20.0,0.0295066750,0.0016440497
1500,20.5,0.0281117247,0.0014922768
1500,21.0,0.0268032395,0.0013565912
1500,21.5,0.0255746534,0.0012350767
1500,22.0,0.0244199845,0.0011260694
1500,22.5,0.0233337766,0.0010281216
1500,23.0,0.0223110462,0.0009399706
1500,23.5,0.0213472362,0.0008605136
1500,24.0,0.0204381743,0.0007887849
1500,24.5,0.0195800358,0.0007239380
1500,25.0,0.0187693108,0.0006652288
1500,25.5,0.0180027744,0.0006120026
1500,26.0,0.0172774603,0.0005636821
1500,26.5,0.0165906373,0.0005197572
1500,27.0,0.0159397875,0.0004797770
1500,27.5,0.0153225879,0.0004433418
1500,28.0,0.0147368924,0.0004100967
1500,28.5,0.0141807169,0.0003797264
1500,29.0,0.0136522249,0.0003519502
1500,29.5,0.0131497152,0.0003265180
1500,30.0,0.0126716103,0.0003032062
1500,30.5,0.0122164460,0.0002818150
1500,31.0,0.0117828622,0.0002621658
1500,31.5,0.0113695943,0.0002440981
1500,32.0,0.0109754656,0.0002274680
1500,32.5,0.0105993799,0.0002121462
1500,33.0,0.0102403159,0.0001980164
1500,33.5,0.0098973204,0.0001849736
1500,34.0,0.0095695038,0.0001729232
1500,34.5,0.0092560348,0.0001617798
1500,35.0,0.0089561363,0.0001514662
1600,12.0,0.0726956118,0.0106443377
1600,12.5,0.0681449248,0.0093533953
1600,13.0,0.0639606584,0.0082400170
1600,13.5,0.0601075765,0.0072771393
1600,14.0,0.0565542822,0.0064421858
1600,14.5,0.0532727645,0.0057162699
1600,15.0,0.0502380007,0.0050835483
1600,15.5,0.0474276070,0.0045306935
1600,16.0,0.0448215321,0.0040464637
1600,16.5,0.0424017888,0.0036213509
1600,17.0,0.0401522180,0.0032472920
1600,17.5,0.0380582820,0.0029174311
1600,18.0,0.0361068831,0.0026259246
1600,18.5,0.0342862036,0.0023677784
1600,19.0,0.0325855656,0.0021387143
1600,19.5,0.0309953075,0.0019350587
1600,20.0,0.0295066750,0.0017536495
1600,20.5,0.0281117247,0.0015917587
1600,21.0,0.0268032395,0.0014470276
1600,21.5,0.0255746534,0.0013174125
1600,22.0,0.0244199845,0.0012011383
1600,22.5,0.0233337766,0.0010966608
1600,23.0,0.0223110462,0.0010026333
1600,23.5,0.0213472362,0.0009178793
1600,24.0,0.0204381743,0.0008413689
1600,24.5,0.0195800358,0.0007721990
1600,25.0,0.0187693108,0.0007095760
1600,25.5,0.0180027744,0.0006528015
1600,26.0,0.0172774603,0.0006012597
1600,26.5,0.0165906373,0.0005544066
1600,27.0,0.0159397875,0.0005117611
1600,27.5,0.0153225879,0.0004728969
1600,28.0,0.0147368924,0.0004374356
1600,28.5,0.0141807169,0.0004050407
1600,29.0,0.0136522249,0.0003754128
1600,29.5,0.0131497152,0.0003482851
1600,30.0,0.0126716103,0.0003234193
1600,30.5,0.0122164460,0.0003006021
1600,31.0,0.0117828622,0.0002796429
1600,31.5,0.0113695943,0.0002603707
1600,32.0,0.0109754656,0.0002426320
1600,32.5,0.0105993799,0.0002262889
1600,33.0,0.0102403159,0.0002112170
1600,33.5,0.0098973204,0.0001973047
1600,34.0,0.0095695038,0.0001844510
1600,34.5,0.0092560348,0.0001725648
1600,35.0,0.0089561363,0.0001615636
1700,12.0,0.0726956118,0.0113095845
1700,12.5,0.0681449248,0.0099379611
1700,13.0,0.0639606584,0.0087549992
1700,13.5,0.0601075765,0.0077319439
1700,14.0,0.0565542822,0.0068448077
1700,14.5,0.0532727645,0.0060735237
1700,15.0,0.0502380007,0.0054012584
1700,15.5,0.0474276070,0.0048138515
1700,16.0,0.0448215321,0.0042993585
1700,16.5,0.0424017888,0.0038476771
1700,17.0,0.0401522180,0.0034502403
1700,17.5,0.0380582820,0.0030997639
1700,18.0,0.0361068831,0.0027900389
1700,18.5,0.0342862036,0.0025157591
1700,19.0,0.0325855656,0.0022723791
1700,19.5,0.0309953075,0.0020559955
1700,20.0,0.0295066750,0.0018632486
1700,20.5,0.0281117247,0.0016912400
1700,21.0,0.0268032395,0.0015374636
1700,21.5,0.0255746534,0.0013997477
1700,22.0,0.0244199845,0.0012762067
1700,22.5,0.0233337766,0.0011651996
1700,23.0,0.0223110462,0.0010652956
1700,23.5,0.0213472362,0.0009752446
1700,24.0,0.0204381743,0.0008939525
1700,24.5,0.0195800358,0.0008204596
1700,25.0,0.0187693108,0.0007539229
1700,25.5,0.0180027744,0.0006936001
1700,26.0,0.0172774603,0.0006388370
1700,26.5,0.0165906373,0.0005890557
1700,27.0,0.0159397875,0.0005437451
1700,27.5,0.0153225879,0.0005024519
1700,28.0,0.0147368924,0.0004647743
1700,28.5,0.0141807169,0.0004303548
1700,29.0,0.0136522249,0.0003988753
1700,29.5,0.0131497152,0.0003700522
1700,30.0,0.0126716103,0.0003436322
1700,30.5,0.0122164460,0.0003193890
1700,31.0,0.0117828622,0.0002971200
1700,31.5,0.0113695943,0.0002766433
1700,32.0,0.0109754656,0.0002577960
1700,32.5,0.0105993799,0.0002404314
1700,33.0,0.0102403159,0.0002244176
1700,33.5,0.0098973204,0.0002096358
1700,34.0,0.0095695038,0.0001959788
1700,34.5,0.0092560348,0.0001833497
1700,35.0,0.0089561363,0.0001716610
1800,12.0,0.0726956118,0.0119748269
1800,12.5,0.0681449248,0.0105225231
1800,13.0,0.0639606584,0.0092699780
1800,13.5,0.0601075765,0.0081867455
1800,14.0,0.0565542822,0.0072474269
1800,14.5,0.0532727645,0.0064307751
1800,15.0,0.0502380007,0.0057189665
1800,15.5,0.0474276070,0.0050970076
1800,16.0,0.0448215321,0.0045522515
1800,16.5,0.0424017888,0.0040740017
1800,17.0,0.0401522180,0.0036531873
1800,17.5,0.0380582820,0.0032820955
1800,18.0,0.0361068831,0.0029541521
1800,18.5,0.0342862036,0.0026637389
1800,19.0,0.0325855656,0.0024060430
1800,19.5,0.0309953075,0.0021769314
1800,20.0,0.0295066750,0.0019728470
1800,20.5,0.0281117247,0.0017907206
1800,21.0,0.0268032395,0.0016278989
1800,21.5,0.0255746534,0.0014820825
1800,22.0,0.0244199845,0.0013512746
1800,22.5,0.0233337766,0.0012337379
1800,23.0,0.0223110462,0.0011279575
1800,23.5,0.0213472362,0.0010326096
1800,24.0,0.0204381743,0.0009465358
1800,24.5,0.0195800358,0.0008687200
1800,25.0,0.0187693108,0.0007982694
1800,25.5,0.0180027744,0.0007343984
1800,26.0,0.0172774603,0.0006764141
1800,26.5,0.0165906373,0.0006237047
1800,27.0,0.0159397875,0.0005757287
1800,27.5,0.0153225879,0.0005320067
1800,28.0,0.0147368924,0.0004921128
1800,28.5,0.0141807169,0.0004556687
1800,29.0,0.0136522249,0.0004223376
1800,29.5,0.0131497152,0.0003918191
1800,30.0,0.0126716103,0.0003638451
1800,30.5,0.0122164460,0.0003381759
1800,31.0,0.0117828622,0.0003145969
1800,31.5,0.0113695943,0.0002929158
1800,32.0,0.0109754656,0.0002729598
1800,32.5,0.0105993799,0.0002545738
1800,33.0,0.0102403159,0.0002376181
1800,33.5,0.0098973204,0.0002219668
1800,34.0,0.0095695038,0.0002075065
1800,34.5,0.0092560348,0.0001941345
1800,35.0,0.0089561363,0.0001817583
1900,12.0,0.0726956118,0.0126400646
1900,12.5,0.0681449248,0.0111070809
1900,13.0,0.0639606584,0.0097849532
1900,13.5,0.0601075765,0.0086415439
1900,14.0,0.0565542822,0.0076500433
1900,14.5,0.0532727645,0.0067880240
1900,15.0,0.0502380007,0.0060366723
1900,15.5,0.0474276070,0.0053801617
1900,16.0,0.0448215321,0.0048051428
1900,16.5,0.0424017888,0.0043003248
1900,17.0,0.0401522180,0.0038561328
1900,17.5,0.0380582820,0.0034644258
1900,18.0,0.0361068831,0.0031182642
1900,18.5,0.0342862036,0.0028117176
1900,19.0,0.0325855656,0.0025397059
1900,19.5,0.0309953075,0.0022978665
1900,20.0,0.0295066750,0.0020824446
1900,20.5,0.0281117247,0.0018902005
1900,21.0,0.0268032395,0.0017183336
1900,21.5,0.0255746534,0.0015644166
1900,22.0,0.0244199845,0.0014263420
1900,22.5,0.0233337766,0.0013022758
1900,23.0,0.0223110462,0.0011906189
1900,23.5,0.0213472362,0.0010899742
1900,24.0,0.0204381743,0.0009991187
1900,24.5,0.0195800358,0.0009169800
1900,25.0,0.0187693108,0.0008426157
1900,25.5,0.0180027744,0.0007751965
1900,26.0,0.0172774603,0.0007139910
1900,26.5,0.0165906373,0.0006583533
1900,27.0,0.0159397875,0.0006077122
1900,27.5,0.0153225879,0.0005615613
1900,28.0,0.0147368924,0.0005194512
1900,28.5,0.0141807169,0.0004809825
1900,29.0,0.0136522249,0.0004457997
1900,29.5,0.0131497152,0.0004135858
1900,30.0,0.0126716103,0.0003840577
1900,30.5,0.0122164460,0.0003569626
1900,31.0,0.0117828622,0.0003320737
1900,31.5,0.0113695943,0.0003091882
1900,32.0,0.0109754656,0.0002881236
1900,32.5,0.0105993799,0.0002687162
1900,33.0,0.0102403159,0.0002508185
1900,33.5,0.0098973204,0.0002342978
1900,34.0,0.0095695038,0.0002190341
1900,34.5,0.0092560348,0.0002049193
1900,35.0,0.0089561363,0.0001918555
2000,12.0,0.0726956118,0.0133052974
2000,12.5,0.0681449248,0.0116916344
2000,13.0,0.0639606584,0.0102999246
2000,13.5,0.0601075765,0.0090963388
2000,14.0,0.0565542822,0.0080526567
2000,14.5,0.0532727645,0.0071452703
2000,15.0,0.0502380007,0.0063543757
2000,15.5,0.0474276070,0.0056633137
2000,16.0,0.0448215321,0.0050580322
2000,16.5,0.0424017888,0.0045266462
2000,17.0,0.0401522180,0.0040590769
2000,17.5,0.0380582820,0.0036467547
2000,18.0,0.0361068831,0.0032823750
2000,18.5,0.0342862036,0.0029596952
2000,19.0,0.0325855656,0.0026733678
2000,19.5,0.0309953075,0.0024188007
2000,20.0,0.0295066750,0.0021920413
2000,20.5,0.0281117247,0.0019896797
2000,21.0,0.0268032395,0.0018087676
2000,21.5,0.0255746534,0.0016467501
2000,22.0,0.0244199845,0.0015014088
2000,22.5,0.0233337766,0.0013708132
2000,23.0,0.0223110462,0.0012532799
2000,23.5,0.0213472362,0.0011473383
2000,24.0,0.0204381743,0.0010517013
2000,24.5,0.0195800358,0.0009652397
2000,25.0,0.0187693108,0.0008869617
2000,25.5,0.0180027744,0.0008159942
2000,26.0,0.0172774603,0.0007515675
2000,26.5,0.0165906373,0.0006930017
2000,27.0,0.0159397875,0.0006396954
2000,27.5,0.0153225879,0.0005911156
2000,28.0,0.0147368924,0.0005467893
2000,28.5,0.0141807169,0.0005062961
2000,29.0,0.0136522249,0.0004692616
2000,29.5,0.0131497152,0.0004353523
2000,30.0,0.0126716103,0.0004042703
2000,30.5,0.0122164460,0.0003757491
2000,31.0,0.0117828622,0.0003495504
2000,31.5,0.0113695943,0.0003254604
2000,32.0,0.0109754656,0.0003032872
2000,32.5,0.0105993799,0.0002828584
2000,33.0,0.0102403159,0.0002640188
2000,33.5,0.0098973204,0.0002466286
2000,34.0,0.0095695038,0.0002305616
2000,34.5,0.0092560348,0.0002157040
2000,35.0,0.0089561363,0.0002019527
2100,12.0,0.0726956118,0.0139705249
2100,12.5,0.0681449248,0.0122761834
2100,13.0,0.0639606584,0.0108148919
2100,13.5,0.0601075765,0.0095511303
2100,14.0,0.0565542822,0.0084552669
2100,14.5,0.0532727645,0.0075025138
2100,15.0,0.0502380007,0.0066720767
2100,15.5,0.0474276070,0.0059464635
2100,16.0,0.0448215321,0.0053109196
2100,16.5,0.0424017888,0.0047529658
2100,17.0,0.0401522180,0.0042620193
2100,17.5,0.0380582820,0.0038290822
2100,18.0,0.0361068831,0.0034464845
2100,18.5,0.0342862036,0.0031076717
2100,19.0,0.0325855656,0.0028070287
2100,19.5,0.0309953075,0.0025397340
2100,20.0,0.0295066750,0.0023016373
2100,20.5,0.0281117247,0.0020891581
2100,21.0,0.0268032395,0.0018992009
2100,21.5,0.0255746534,0.0017290830
2100,22.0,0.0244199845,0.0015764750
2100,22.5,0.0233337766,0.0014393500
2100,23.0,0.0223110462,0.0013159403
2100,23.5,0.0213472362,0.0012047020
2100,24.0,0.0204381743,0.0011042834
2100,24.5,0.0195800358,0.0010134989
2100,25.0,0.0187693108,0.0009313073
2100,25.5,0.0180027744,0.0008567916
2100,26.0,0.0172774603,0.0007891438
2100,26.5,0.0165906373,0.0007276499
2100,27.0,0.0159397875,0.0006716784
2100,27.5,0.0153225879,0.0006206697
2100,28.0,0.0147368924,0.0005741272
2100,28.5,0.0141807169,0.0005316095
2100,29.0,0.0136522249,0.0004927234
2100,29.5,0.0131497152,0.0004571187
2100,30.0,0.0126716103,0.0004244827
2100,30.5,0.0122164460,0.0003945355
2100,31.0,0.0117828622,0.0003670269
2100,31.5,0.0113695943,0.0003417325
2100,32.0,0.0109754656,0.0003184507
2100,32.5,0.0105993799,0.0002970005
2100,33.0,0.0102403159,0.0002772190
2100,33.5,0.0098973204,0.0002589593
2100,34.0,0.0095695038,0.0002420891
2100,34.5,0.0092560348,0.0002264886
2100,35.0,0.0089561363,0.0002120497
2200,12.0,0.0726956118,0.0146357470
2200,12.5,0.0681449248,0.0128607275
2200,13.0,0.0639606584,0.0113298551
2200,13.5,0.0601075765,0.0100059180
2200,14.0,0.0565542822,0.0088578739
2200,14.5,0.0532727645,0.0078597543
2200,15.0,0.0502380007,0.0069897750
2200,15.5,0.0474276070,0.0062296110
2200,16.0,0.0448215321,0.0055638050
2200,16.5,0.0424017888,0.0049792836
2200,17.0,0.0401522180,0.0044649601
2200,17.5,0.0380582820,0.0040114082
2200,18.0,0.0361068831,0.0036105927
2200,18.5,0.0342862036,0.0032556469
2200,19.0,0.0325855656,0.0029406885
2200,19.5,0.0309953075,0.0026606663
2200,20.0,0.0295066750,0.0024112323
2200,20.5,0.0281117247,0.0021886357
2200,21.0,0.0268032395,0.0019896335
2200,21.5,0.0255746534,0.0018114152
2200,22.0,0.0244199845,0.0016515407
2200,22.5,0.0233337766,0.0015078862
2200,23.0,0.0223110462,0.0013786003
2200,23.5,0.0213472362,0.0012620653
2200,24.0,0.0204381743,0.0011568650
2200,24.5,0.0195800358,0.0010617578
2200,25.0,0.0187693108,0.0009756525
2200,25.5,0.0180027744,0.0008975887
2200,26.0,0.0172774603,0.0008267197
2200,26.5,0.0165906373,0.0007622978
2200,27.0,0.0159397875,0.0007036611
2200,27.5,0.0153225879,0.0006502236
2200,28.0,0.0147368924,0.0006014650
2200,28.5,0.0141807169,0.0005569226
2200,29.0,0.0136522249,0.0005161850
2200,29.5,0.0131497152,0.0004788850
2200,30.0,0.0126716103,0.0004446949
2200,30.5,0.0122164460,0.0004133218
2200,31.0,0.0117828622,0.0003845033
2200,31.5,0.0113695943,0.0003580045
2200,32.0,0.0109754656,0.0003336141
2200,32.5,0.0105993799,0.0003111426
2200,33.0,0.0102403159,0.0002904191
2200,33.5,0.0098973204,0.0002712900
2200,34.0,0.0095695038,0.0002536164
2200,34.5,0.0092560348,0.0002372731
2200,35.0,0.0089561363,0.0002221467
2300,12.0,0.0726956118,0.0153009634
2300,12.5,0.0681449248,0.0134452666
2300,13.0,0.0639606584,0.0118448138
2300,13.5,0.0601075765,0.0104607018
2300,14.0,0.0565542822,0.0092604774
2300,14.5,0.0532727645,0.0082169918
2300,15.0,0.0502380007,0.0073074707
2300,15.5,0.0474276070,0.0065127560
2300,16.0,0.0448215321,0.0058166882
2300,16.5,0.0424017888,0.0052055994
2300,17.0,0.0401522180,0.0046678992
2300,17.5,0.0380582820,0.0041937327
2300,18.0,0.0361068831,0.0037746995
2300,18.5,0.0342862036,0.0034036209
2300,19.0,0.0325855656,0.0030743472
2300,19.5,0.0309953075,0.0027815975
2300,20.0,0.0295066750,0.0025208264
2300,20.5,0.0281117247,0.0022881125
2300,21.0,0.0268032395,0.0020800653
2300,21.5,0.0255746534,0.0018937467
2300,22.0,0.0244199845,0.0017266056
2300,22.5,0.0233337766,0.0015764219
2300,23.0,0.0223110462,0.0014412597
2300,23.5,0.0213472362,0.0013194280
2300,24.0,0.0204381743,0.0012094463
2300,24.5,0.0195800358,0.0011100163
2300,25.0,0.0187693108,0.0010199973
2300,25.5,0.0180027744,0.0009383854
2300,26.0,0.0172774603,0.0008642954
2300,26.5,0.0165906373,0.0007969453
2300,27.0,0.0159397875,0.0007356436
2300,27.5,0.0153225879,0.0006797773
2300,28.0,0.0147368924,0.0006288024
2300,28.5,0.0141807169,0.0005822356
2300,29.0,0.0136522249,0.0005396464
2300,29.5,0.0131497152,0.0005006510
2300,30.0,0.0126716103,0.0004649069
2300,30.5,0.0122164460,0.0004321078
2300,31.0,0.0117828622,0.0004019796
2300,31.5,0.0113695943,0.0003742763
2300,32.0,0.0109754656,0.0003487774
2300,32.5,0.0105993799,0.0003252845
2300,33.0,0.0102403159,0.0003036191
2300,33.5,0.0098973204,0.0002836205
2300,34.0,0.0095695038,0.0002651436
2300,34.5,0.0092560348,0.0002480575
2300,35.0,0.0089561363,0.0002322436
2400,12.0,0.0726956118,0.0159661738
2400,12.5,0.0681449248,0.0140298005
2400,13.0,0.0639606584,0.0123597678
2400,13.5,0.0601075765,0.0109154815
2400,14.0,0.0565542822,0.0096630772
2400,14.5,0.0532727645,0.0085742261
2400,15.0,0.0502380007,0.0076251634
2400,15.5,0.0474276070,0.0067958985
2400,16.0,0.0448215321,0.0060695691
2400,16.5,0.0424017888,0.0054319132
2400,17.0,0.0401522180,0.0048708364
2400,17.5,0.0380582820,0.0043760555
2400,18.0,0.0361068831,0.0039388048
2400,18.5,0.0342862036,0.0035515936
2400,19.0,0.0325855656,0.0032080046
2400,19.5,0.0309953075,0.0029025276
2400,20.0,0.0295066750,0.0026304194
2400,20.5,0.0281117247,0.0023875883
2400,21.0,0.0268032395,0.0021704962
2400,21.5,0.0255746534,0.0019760775
2400,22.0,0.0244199845,0.0018016699
2400,22.5,0.0233337766,0.0016449569
2400,23.0,0.0223110462,0.0015039186
2400,23.5,0.0213472362,0.0013767902
2400,24.0,0.0204381743,0.0012620270
2400,24.5,0.0195800358,0.0011582743
2400,25.0,0.0187693108,0.0010643418
2400,25.5,0.0180027744,0.0009791818
2400,26.0,0.0172774603,0.0009018707
2400,26.5,0.0165906373,0.0008315926
2400,27.0,0.0159397875,0.0007676257
2400,27.5,0.0153225879,0.0007093306
2400,28.0,0.0147368924,0.0006561397
2400,28.5,0.0141807169,0.0006075483
2400,29.0,0.0136522249,0.0005631075
2400,29.5,0.0131497152,0.0005224168
2400,30.0,0.0126716103,0.0004851188
2400,30.5,0.0122164460,0.0004508938
2400,31.0,0.0117828622,0.0004194557
2400,31.5,0.0113695943,0.0003905480
2400,32.0,0.0109754656,0.0003639405
2400,32.5,0.0105993799,0.0003394262
2400,33.0,0.0102403159,0.0003168190
2400,33.5,0.0098973204,0.0002959509
2400,34.0,0.0095695038,0.0002766708
2400,34.5,0.0092560348,0.0002588418
2400,35.0,0.0089561363,0.0002423404
2500,12.0,0.0726956118,0.0166313779
2500,12.5,0.0681449248,0.0146143288
2500,13.0,0.0639606584,0.0128747170
2500,13.5,0.0601075765,0.0113702569
2500,14.0,0.0565542822,0.0100656733
2500,14.5,0.0532727645,0.0089314570
2500,15.0,0.0502380007,0.0079428532
2500,15.5,0.0474276070,0.0070790384
2500,16.0,0.0448215321,0.0063224476
2500,16.5,0.0424017888,0.0056582248
2500,17.0,0.0401522180,0.0050737717
2500,17.5,0.0380582820,0.0045583766
2500,18.0,0.0361068831,0.0041029086
2500,18.5,0.0342862036,0.0036995648
2500,19.0,0.0325855656,0.0033416608
2500,19.5,0.0309953075,0.0030234566
2500,20.0,0.0295066750,0.0027400115
2500,20.5,0.0281117247,0.0024870632
2500,21.0,0.0268032395,0.0022609264
2500,21.5,0.0255746534,0.0020584075
2500,22.0,0.0244199845,0.0018767335
2500,22.5,0.0233337766,0.0017134913
2500,23.0,0.0223110462,0.0015665769
2500,23.5,0.0213472362,0.0014341519
2500,24.0,0.0204381743,0.0013146073
2500,24.5,0.0195800358,0.0012065319
2500,25.0,0.0187693108,0.0011086858
2500,25.5,0.0180027744,0.0010199778
2500,26.0,0.0172774603,0.0009394456
2500,26.5,0.0165906373,0.0008662395
2500,27.0,0.0159397875,0.0007996076
2500,27.5,0.0153225879,0.0007388837
2500,28.0,0.0147368924,0.0006834766
2500,28.5,0.0141807169,0.0006328608
2500,29.0,0.0136522249,0.0005865685
2500,29.5,0.0131497152,0.0005441825
2500,30.0,0.0126716103,0.0005053304
2500,30.5,0.0122164460,0.0004696795
2500,31.0,0.0117828622,0.0004369316
2500,31.5,0.0113695943,0.0004068195
2500,32.0,0.0109754656,0.0003791035
2500,32.5,0.0105993799,0.0003535678
2500,33.0,0.0102403159,0.0003300187
2500,33.5,0.0098973204,0.0003082812
2500,34.0,0.0095695038,0.0002881978
2500,34.5,0.0092560348,0.0002696260
2500,35.0,0.0089561363,0.0002524371
1000,10.0,0.0954324471,0.0114651253
1000,10.2,0.0921265026,0.0106845406
1000,10.5,0.0889674348,0.0099643465
1000,10.8,0.0859475351,0.0092993702
1000,11.0,0.0830595421,0.0086849186
1000,11.2,0.0802966151,0.0081167312
1000,11.5,0.0776523087,0.0075909378
1000,11.8,0.0751205491,0.0071040203
1000,12.2,0.0703720999,0.0062343001
1000,12.8,0.0660092870,0.0054852543
1000,13.2,0.0619947661,0.0048383439
1000,13.8,0.0582952810,0.0042781252
1000,14.2,0.0548811809,0.0037916966
1000,14.8,0.0517259954,0.0033682506
1000,15.2,0.0488060622,0.0029987083
1000,15.8,0.0461001994,0.0026754220
1000,16.2,0.0435894193,0.0023919321
1000,16.8,0.0412566762,0.0021427680
1000,17.2,0.0390866460,0.0019232844
1000,17.8,0.0370655323,0.0017295263
1000,18.2,0.0351808960,0.0015581185
1000,18.8,0.0334215057,0.0014061729
1000,19.2,0.0317772063,0.0012712124
1000,19.8,0.0302388025,0.0011511074
1000,20.2,0.0287979567,0.0010440229
1000,20.8,0.0274470988,0.0009483739
1000,21.2,0.0261793459,0.0008627883
1000,21.8,0.0249884320,0.0007860763
1000,22.2,0.0238686449,0.0007172032
1000,22.8,0.0228147710,0.0006552679
1000,23.2,0.0218220455,0.0005994840
1000,23.8,0.0208861085,0.0005491636
1000,24.2,0.0200029660,0.0005037041
1000,24.8,0.0191689545,0.0004625765
1000,25.2,0.0183807102,0.0004253155
1000,25.8,0.0176351405,0.0003915115
1000,26.2,0.0169293995,0.0003608027
1000,26.8,0.0162608653,0.0003328695
1000,27.2,0.0156271195,0.0003074288
1000,27.8,0.0150259298,0.0002842297
1000,28.2,0.0144552327,0.0002630491
1000,28.8,0.0139131198,0.0002436889
1000,29.2,0.0133978237,0.0002259723
1000,29.8,0.0129077062,0.0002097417
1000,30.2,0.0124412479,0.0001948564
1000,30.8,0.0119970377,0.0001811902
1000,31.2,0.0115737643,0.0001686304
1000,31.8,0.0111702079,0.0001570758
1000,32.2,0.0107852329,0.0001464353
1000,32.8,0.0104177813,0.0001366272
1000,33.2,0.0100668666,0.0001275779
1000,33.8,0.0097315680,0.0001192209
1000,34.2,0.0094110256,0.0001114963
1000,34.8,0.0091044358,0.0001043501
1000,35.2,0.0088110468,0.0000977331
1100,10.0,0.0954324471,0.0126116206
1100,10.2,0.0921265026,0.0117529786
1100,10.5,0.0889674348,0.0109607662
1100,10.8,0.0859475351,0.0102292932
1100,11.0,0.0830595421,0.0095533974
1100,11.2,0.0802966151,0.0089283921
1100,11.5,0.0776523087,0.0083500201
1100,11.8,0.0751205491,0.0078144116
1100,12.2,0.0703720999,0.0068577208
1100,12.8,0.0660092870,0.0060337715
1100,13.2,0.0619947661,0.0053221710
1100,13.8,0.0582952810,0.0047059312
1100,14.2,0.0548811809,0.0041708606
1100,14.8,0.0517259954,0.0037050706
1100,15.2,0.0488060622,0.0032985746
1100,15.8,0.0461001994,0.0029429602
1100,16.2,0.0435894193,0.0026311217
1100,16.8,0.0412566762,0.0023570416
1100,17.2,0.0390866460,0.0021156099
1100,17.8,0.0370655323,0.0019024763
1100,18.2,0.0351808960,0.0017139280
1100,18.8,0.0334215057,0.0015467880
1100,19.2,0.0317772063,0.0013983317
1100,19.8,0.0302388025,0.0012662165
1100,20.2,0.0287979567,0.0011484236
1100,20.8,0.0274470988,0.0010432098
1100,21.2,0.0261793459,0.0009490659
1100,21.8,0.0249884320,0.0008646827
1100,22.2,0.0238686449,0.0007889224
1100,22.8,0.0228147710,0.0007207937
1100,23.2,0.0218220455,0.0006594315
1100,23.8,0.0208861085,0.0006040791
1100,24.2,0.0200029660,0.0005540737
1100,24.8,0.0191689545,0.0005088334
1100,25.2,0.0183807102,0.0004678465
1100,25.8,0.0176351405,0.0004306621
1100,26.2,0.0169293995,0.0003968824
1100,26.8,0.0162608653,0.0003661559
1100,27.2,0.0156271195,0.0003381712
1100,27.8,0.0150259298,0.0003126522
1100,28.2,0.0144552327,0.0002893536
1100,28.8,0.0139131198,0.0002680574
1100,29.2,0.0133978237,0.0002485692
1100,29.8,0.0129077062,0.0002307156
1100,30.2,0.0124412479,0.0002143417
1100,30.8,0.0119970377,0.0001993090
1100,31.2,0.0115737643,0.0001854932
1100,31.8,0.0111702079,0.0001727831
1100,32.2,0.0107852329,0.0001610786
1100,32.8,0.0104177813,0.0001502897
1100,33.2,0.0100668666,0.0001403355
1100,33.8,0.0097315680,0.0001311428
1100,34.2,0.0094110256,0.0001226458
1100,34.8,0.0091044358,0.0001147849
1100,35.2,0.0088110468,0.0001075063
1200,10.0,0.0954324471,0.0137581110
1200,10.2,0.0921265026,0.0128214120
1200,10.5,0.0889674348,0.0119571816
1200,10.8,0.0859475351,0.0111592123
1200,11.0,0.0830595421,0.0104218724
1200,11.2,0.0802966151,0.0097400495
1200,11.5,0.0776523087,0.0091090992
1200,11.8,0.0751205491,0.0085247999
1200,12.2,0.0703720999,0.0074811387
1200,12.8,0.0660092870,0.0065822863
1200,13.2,0.0619947661,0.0058059961
1200,13.8,0.0582952810,0.0051337355
1200,14.2,0.0548811809,0.0045500229
1200,14.8,0.0517259954,0.0040418892
1200,15.2,0.0488060622,0.0035984397
1200,15.8,0.0461001994,0.0032104972
1200,16.2,0.0435894193,0.0028703103
1200,16.8,0.0412566762,0.0025713143
1200,17.2,0.0390866460,0.0023079346
1200,17.8,0.0370655323,0.0020754256
1200,18.2,0.0351808960,0.0018697368
1200,18.8,0.0334215057,0.0016874026
1200,19.2,0.0317772063,0.0015254505
1200,19.8,0.0302388025,0.0013813250
1200,20.2,0.0287979567,0.0012528239
1200,20.8,0.0274470988,0.0011380454
1200,21.2,0.0261793459,0.0010353430
1200,21.8,0.0249884320,0.0009432888
1200,22.2,0.0238686449,0.0008606414
1200,22.8,0.0228147710,0.0007863193
1200,23.2,0.0218220455,0.0007193787
1200,23.8,0.0208861085,0.0006589944
1200,24.2,0.0200029660,0.0006044432
1200,24.8,0.0191689545,0.0005550902
1200,25.2,0.0183807102,0.0005103772
1200,25.8,0.0176351405,0.0004698125
1200,26.2,0.0169293995,0.0004329620
1200,26.8,0.0162608653,0.0003994422
1200,27.2,0.0156271195,0.0003689135
1200,27.8,0.0150259298,0.0003410746
1200,28.2,0.0144552327,0.0003156580
1200,28.8,0.0139131198,0.0002924258
1200,29.2,0.0133978237,0.0002711660
1200,29.8,0.0129077062,0.0002516893
1200,30.2,0.0124412479,0.0002338270
1200,30.8,0.0119970377,0.0002174276
1200,31.2,0.0115737643,0.0002023559
1200,31.8,0.0111702079,0.0001884904
1200,32.2,0.0107852329,0.0001757218
1200,32.8,0.0104177813,0.0001639522
1200,33.2,0.0100668666,0.0001530930
1200,33.8,0.0097315680,0.0001430646
1200,34.2,0.0094110256,0.0001337952
1200,34.8,0.0091044358,0.0001252197
1200,35.2,0.0088110468,0.0001172794
1300,10.0,0.0954324471,0.0149045959
1300,10.2,0.0921265026,0.0138898404
1300,10.5,0.0889674348,0.0129535923
1300,10.8,0.0859475351,0.0120891269
1300,11.0,0.0830595421,0.0112903434
1300,11.2,0.0802966151,0.0105517031
1300,11.5,0.0776523087,0.0098681747
1300,11.8,0.0751205491,0.0092351849
1300,12.2,0.0703720999,0.0081045538
1300,12.8,0.0660092870,0.0071307986
1300,13.2,0.0619947661,0.0062898188
1300,13.8,0.0582952810,0.0055615377
1300,14.2,0.0548811809,0.0049291835
1300,14.8,0.0517259954,0.0043787061
1300,15.2,0.0488060622,0.0038983033
1300,15.8,0.0461001994,0.0034780330
1300,16.2,0.0435894193,0.0031094978
1300,16.8,0.0412566762,0.0027855859
1300,17.2,0.0390866460,0.0025002584
1300,17.8,0.0370655323,0.0022483741
1300,18.2,0.0351808960,0.0020255449
1300,18.8,0.0334215057,0.0018280165
1300,19.2,0.0317772063,0.0016525687
1300,19.8,0.0302388025,0.0014964329
1300,20.2,0.0287979567,0.0013572237
1300,20.8,0.0274470988,0.0012328805
1300,21.2,0.0261793459,0.0011216198
1300,21.8,0.0249884320,0.0010218946
1300,22.2,0.0238686449,0.0009323600
1300,22.8,0.0228147710,0.0008518445
1300,23.2,0.0218220455,0.0007793257
1300,23.8,0.0208861085,0.0007139095
1300,24.2,0.0200029660,0.0006548124
1300,24.8,0.0191689545,0.0006013467
1300,25.2,0.0183807102,0.0005529077
1300,25.8,0.0176351405,0.0005089627
1300,26.2,0.0169293995,0.0004690414
1300,26.8,0.0162608653,0.0004327284
1300,27.2,0.0156271195,0.0003996556
1300,27.8,0.0150259298,0.0003694969
1300,28.2,0.0144552327,0.0003419623
1300,28.8,0.0139131198,0.0003167941
1300,29.2,0.0133978237,0.0002937627
1300,29.8,0.0129077062,0.0002726630
1300,30.2,0.0124412479,0.0002533121
1300,30.8,0.0119970377,0.0002355462
1300,31.2,0.0115737643,0.0002192186
1300,31.8,0.0111702079,0.0002041976
1300,32.2,0.0107852329,0.0001903650
1300,32.8,0.0104177813,0.0001776146
1300,33.2,0.0100668666,0.0001658505
1300,33.8,0.0097315680,0.0001549864
1300,34.2,0.0094110256,0.0001449446
1300,34.8,0.0091044358,0.0001356545
1300,35.2,0.0088110468,0.0001270525
1400,10.0,0.0954324471,0.0160510751
1400,10.2,0.0921265026,0.0149582633
1400,10.5,0.0889674348,0.0139499979
1400,10.8,0.0859475351,0.0130190369
1400,11.0,0.0830595421,0.0121588100
1400,11.2,0.0802966151,0.0113633526
1400,11.5,0.0776523087,0.0106272464
1400,11.8,0.0751205491,0.0099455662
1400,12.2,0.0703720999,0.0087279656
1400,12.8,0.0660092870,0.0076793080
1400,13.2,0.0619947661,0.0067736391
1400,13.8,0.0582952810,0.0059893378
1400,14.2,0.0548811809,0.0053083421
1400,14.8,0.0517259954,0.0047155214
1400,15.2,0.0488060622,0.0041981654
1400,15.8,0.0461001994,0.0037455674
1400,16.2,0.0435894193,0.0033486840
1400,16.8,0.0412566762,0.0029998565
1400,17.2,0.0390866460,0.0026925813
1400,17.8,0.0370655323,0.0024213217
1400,18.2,0.0351808960,0.0021813522
1400,18.8,0.0334215057,0.0019686297
1400,19.2,0.0317772063,0.0017796862
1400,19.8,0.0302388025,0.0016115403
1400,20.2,0.0287979567,0.0014616230
1400,20.8,0.0274470988,0.0013277151
1400,21.2,0.0261793459,0.0012078961
1400,21.8,0.0249884320,0.0011004999
1400,22.2,0.0238686449,0.0010040782
1400,22.8,0.0228147710,0.0009173694
1400,23.2,0.0218220455,0.0008392724
1400,23.8,0.0208861085,0.0007688242
1400,24.2,0.0200029660,0.0007051813
1400,24.8,0.0191689545,0.0006476030
1400,25.2,0.0183807102,0.0005954380
1400,25.8,0.0176351405,0.0005481127
1400,26.2,0.0169293995,0.0005051206
1400,26.8,0.0162608653,0.0004660144
1400,27.2,0.0156271195,0.0004303976
1400,27.8,0.0150259298,0.0003979190
1400,28.2,0.0144552327,0.0003682665
1400,28.8,0.0139131198,0.0003411623
1400,29.2,0.0133978237,0.0003163592
1400,29.8,0.0129077062,0.0002936366
1400,30.2,0.0124412479,0.0002727972
1400,30.8,0.0119970377,0.0002536647
1400,31.2,0.0115737643,0.0002360811
1400,31.8,0.0111702079,0.0002199047
1400,32.2,0.0107852329,0.0002050081
1400,32.8,0.0104177813,0.0001912769
1400,33.2,0.0100668666,0.0001786079
1400,33.8,0.0097315680,0.0001669082
1400,34.2,0.0094110256,0.0001560939
1400,34.8,0.0091044358,0.0001460892
1400,35.2,0.0088110468,0.0001368255
1500,10.0,0.0954324471,0.0171975480
1500,10.2,0.0921265026,0.0160266804
1500,10.5,0.0889674348,0.0149463981
1500,10.8,0.0859475351,0.0139489417
1500,11.0,0.0830595421,0.0130272718
1500,11.2,0.0802966151,0.0121749976
1500,11.5,0.0776523087,0.0113863139
1500,11.8,0.0751205491,0.0106559437
1500,12.2,0.0703720999,0.0093513741
1500,12.8,0.0660092870,0.0082278145
1500,13.2,0.0619947661,0.0072574568
1500,13.8,0.0582952810,0.0064171355
1500,14.2,0.0548811809,0.0056874986
1500,14.8,0.0517259954,0.0050523348
1500,15.2,0.0488060622,0.0044980258
1500,15.8,0.0461001994,0.0040131003
1500,16.2,0.0435894193,0.0035878690
1500,16.8,0.0412566762,0.0032141259
1500,17.2,0.0390866460,0.0028849030
1500,17.8,0.0370655323,0.0025942683
1500,18.2,0.0351808960,0.0023371587
1500,18.8,0.0334215057,0.0021092421
1500,19.2,0.0317772063,0.0019068030
1500,19.8,0.0302388025,0.0017266471
1500,20.2,0.0287979567,0.0015660216
1500,20.8,0.0274470988,0.0014225492
1500,21.2,0.0261793459,0.0012941720
1500,21.8,0.0249884320,0.0011791048
1500,22.2,0.0238686449,0.0010757960
1500,22.8,0.0228147710,0.0009828939
1500,23.2,0.0218220455,0.0008992187
1500,23.8,0.0208861085,0.0008237387
1500,24.2,0.0200029660,0.0007555500
1500,24.8,0.0191689545,0.0006938591
1500,25.2,0.0183807102,0.0006379681
1500,25.8,0.0176351405,0.0005872625
1500,26.2,0.0169293995,0.0005411997
1500,26.8,0.0162608653,0.0004993002
1500,27.2,0.0156271195,0.0004611395
1500,27.8,0.0150259298,0.0004263410
1500,28.2,0.0144552327,0.0003945705
1500,28.8,0.0139131198,0.0003655304
1500,29.2,0.0133978237,0.0003389557
1500,29.8,0.0129077062,0.0003146100
1500,30.2,0.0124412479,0.0002922822
1500,30.8,0.0119970377,0.0002717831
1500,31.2,0.0115737643,0.0002529436
1500,31.8,0.0111702079,0.0002356117
1500,32.2,0.0107852329,0.0002196511
1500,32.8,0.0104177813,0.0002049391
1500,33.2,0.0100668666,0.0001913652
1500,33.8,0.0097315680,0.0001788299
1500,34.2,0.0094110256,0.0001672431
1500,34.8,0.0091044358,0.0001565238
1500,35.2,0.0088110468,0.0001465985
1600,10.0,0.0954324471,0.0183440141
1600,10.2,0.0921265026,0.0170950913
1600,10.5,0.0889674348,0.0159427925
1600,10.8,0.0859475351,0.0148788411
1600,11.0,0.0830595421,0.0138957285
1600,11.2,0.0802966151,0.0129866379
1600,11.5,0.0776523087,0.0121453770
1600,11.8,0.0751205491,0.0113663170
1600,12.2,0.0703720999,0.0099747789
1600,12.8,0.0660092870,0.0087763177
1600,13.2,0.0619947661,0.0077412716
1600,13.8,0.0582952810,0.0068449307
1600,14.2,0.0548811809,0.0060666529
1600,14.8,0.0517259954,0.0053891462
1600,15.2,0.0488060622,0.0047978845
1600,15.8,0.0461001994,0.0042806317
1600,16.2,0.0435894193,0.0038270525
1600,16.8,0.0412566762,0.0034283940
1600,17.2,0.0390866460,0.0030772237
1600,17.8,0.0370655323,0.0027672139
1600,18.2,0.0351808960,0.0024929642
1600,18.8,0.0334215057,0.0022498537
1600,19.2,0.0317772063,0.0020339191
1600,19.8,0.0302388025,0.0018417532
1600,20.2,0.0287979567,0.0016704197
1600,20.8,0.0274470988,0.0015173828
1600,21.2,0.0261793459,0.0013804473
1600,21.8,0.0249884320,0.0012577093
1600,22.2,0.0238686449,0.0011475134
1600,22.8,0.0228147710,0.0010484180
1600,23.2,0.0218220455,0.0009591647
1600,23.8,0.0208861085,0.0008786528
1600,24.2,0.0200029660,0.0008059184
1600,24.8,0.0191689545,0.0007401148
1600,25.2,0.0183807102,0.0006804980
1600,25.8,0.0176351405,0.0006264120
1600,26.2,0.0169293995,0.0005772785
1600,26.8,0.0162608653,0.0005325858
1600,27.2,0.0156271195,0.0004918811
1600,27.8,0.0150259298,0.0004547628
1600,28.2,0.0144552327,0.0004208743
1600,28.8,0.0139131198,0.0003898983
1600,29.2,0.0133978237,0.0003615520
1600,29.8,0.0129077062,0.0003355833
1600,30.2,0.0124412479,0.0003117670
1600,30.8,0.0119970377,0.0002899014
1600,31.2,0.0115737643,0.0002698060
1600,31.8,0.0111702079,0.0002513187
1600,32.2,0.0107852329,0.0002342941
1600,32.8,0.0104177813,0.0002186013
1600,33.2,0.0100668666,0.0002041225
1600,33.8,0.0097315680,0.0001907515
1600,34.2,0.0094110256,0.0001783923
1600,34.8,0.0091044358,0.0001669584
1600,35.2,0.0088110468,0.0001563714
1700,10.0,0.0954324471,0.0194904731
1700,10.2,0.0921265026,0.0181634954
1700,10.5,0.0889674348,0.0169391806
1700,10.8,0.0859475351,0.0158087347
1700,11.0,0.0830595421,0.0147641798
1700,11.2,0.0802966151,0.0137982731
1700,11.5,0.0776523087,0.0129044353
1700,11.8,0.0751205491,0.0120766858
1700,12.2,0.0703720999,0.0105981798
1700,12.8,0.0660092870,0.0093248176
1700,13.2,0.0619947661,0.0082250834
1700,13.8,0.0582952810,0.0072727232
1700,14.2,0.0548811809,0.0064458049
1700,14.8,0.0517259954,0.0057259556
1700,15.2,0.0488060622,0.0050977414
1700,15.8,0.0461001994,0.0045481614
1700,16.2,0.0435894193,0.0040662345
1700,16.8,0.0412566762,0.0036426608
1700,17.2,0.0390866460,0.0032695431
1700,17.8,0.0370655323,0.0029401585
1700,18.2,0.0351808960,0.0026487688
1700,18.8,0.0334215057,0.0023904644
1700,19.2,0.0317772063,0.0021610344
1700,19.8,0.0302388025,0.0019568586
1700,20.2,0.0287979567,0.0017748171
1700,20.8,0.0274470988,0.0016122157
1700,21.2,0.0261793459,0.0014667221
1700,21.8,0.0249884320,0.0013363132
1700,22.2,0.0238686449,0.0012192304
1700,22.8,0.0228147710,0.0011139418
1700,23.2,0.0218220455,0.0010191103
1700,23.8,0.0208861085,0.0009335666
1700,24.2,0.0200029660,0.0008562864
1700,24.8,0.0191689545,0.0007863703
1700,25.2,0.0183807102,0.0007230275
1700,25.8,0.0176351405,0.0006655614
1700,26.2,0.0169293995,0.0006133571
1700,26.8,0.0162608653,0.0005658712
1700,27.2,0.0156271195,0.0005226225
1700,27.8,0.0150259298,0.0004831845
1700,28.2,0.0144552327,0.0004471780
1700,28.8,0.0139131198,0.0004142660
1700,29.2,0.0133978237,0.0003841482
1700,29.8,0.0129077062,0.0003565565
1700,30.2,0.0124412479,0.0003312517
1700,30.8,0.0119970377,0.0003080196
1700,31.2,0.0115737643,0.0002866682
1700,31.8,0.0111702079,0.0002670255
1700,32.2,0.0107852329,0.0002489369
1700,32.8,0.0104177813,0.0002322634
1700,33.2,0.0100668666,0.0002168797
1700,33.8,0.0097315680,0.0002026730
1700,34.2,0.0094110256,0.0001895414
1700,34.8,0.0091044358,0.0001773929
1700,35.2,0.0088110468,0.0001661442
1800,10.0,0.0954324471,0.0206369245
1800,10.2,0.0921265026,0.0192318925
1800,10.5,0.0889674348,0.0179355621
1800,10.8,0.0859475351,0.0167386221
1800,11.0,0.0830595421,0.0156326253
1800,11.2,0.0802966151,0.0146099029
1800,11.5,0.0776523087,0.0136634886
1800,11.8,0.0751205491,0.0127870499
1800,12.2,0.0703720999,0.0112215765
1800,12.8,0.0660092870,0.0098733137
1800,13.2,0.0619947661,0.0087088920
1800,13.8,0.0582952810,0.0077005129
1800,14.2,0.0548811809,0.0068249543
1800,14.8,0.0517259954,0.0060627627
1800,15.2,0.0488060622,0.0053975962
1800,15.8,0.0461001994,0.0048156893
1800,16.2,0.0435894193,0.0043054150
1800,16.8,0.0412566762,0.0038569262
1800,17.2,0.0390866460,0.0034618613
1800,17.8,0.0370655323,0.0031131019
1800,18.2,0.0351808960,0.0028045723
1800,18.8,0.0334215057,0.0025310742
1800,19.2,0.0317772063,0.0022881489
1800,19.8,0.0302388025,0.0020719632
1800,20.2,0.0287979567,0.0018792138
1800,20.8,0.0274470988,0.0017070480
1800,21.2,0.0261793459,0.0015529964
1800,21.8,0.0249884320,0.0014149167
1800,22.2,0.0238686449,0.0012909469
1800,22.8,0.0228147710,0.0011794651
1800,23.2,0.0218220455,0.0010790555
1800,23.8,0.0208861085,0.0009884801
1800,24.2,0.0200029660,0.0009066541
1800,24.8,0.0191689545,0.0008326255
1800,25.2,0.0183807102,0.0007655568
1800,25.8,0.0176351405,0.0007047104
1800,26.2,0.0169293995,0.0006494354
1800,26.8,0.0162608653,0.0005991563
1800,27.2,0.0156271195,0.0005533638
1800,27.8,0.0150259298,0.0005116059
1800,28.2,0.0144552327,0.0004734815
1800,28.8,0.0139131198,0.0004386336
1800,29.2,0.0133978237,0.0004067442
1800,29.8,0.0129077062,0.0003775296
1800,30.2,0.0124412479,0.0003507363
1800,30.8,0.0119970377,0.0003261376
1800,31.2,0.0115737643,0.0003035303
1800,31.8,0.0111702079,0.0002827323
1800,32.2,0.0107852329,0.0002635797
1800,32.8,0.0104177813,0.0002459254
1800,33.2,0.0100668666,0.0002296368
1800,33.8,0.0097315680,0.0002145945
1800,34.2,0.0094110256,0.0002006905
1800,34.8,0.0091044358,0.0001878274
1800,35.2,0.0088110468,0.0001759170
1900,10.0,0.0954324471,0.0217833678
1900,10.2,0.0921265026,0.0203002820
1900,10.5,0.0889674348,0.0189319365
1900,10.8,0.0859475351,0.0176685030
1900,11.0,0.0830595421,0.0165010647
1900,11.2,0.0802966151,0.0154215270
1900,11.5,0.0776523087,0.0144225365
1900,11.8,0.0751205491,0.0134974091
1900,12.2,0.0703720999,0.0118449689
1900,12.8,0.0660092870,0.0104218060
1900,13.2,0.0619947661,0.0091926972
1900,13.8,0.0582952810,0.0081282996
1900,14.2,0.0548811809,0.0072041011
1900,14.8,0.0517259954,0.0063995674
1900,15.2,0.0488060622,0.0056974489
1900,15.8,0.0461001994,0.0050832154
1900,16.2,0.0435894193,0.0045445938
1900,16.8,0.0412566762,0.0040711900
1900,17.2,0.0390866460,0.0036541781
1900,17.8,0.0370655323,0.0032860441
1900,18.2,0.0351808960,0.0029603748
1900,18.8,0.0334215057,0.0026716830
1900,19.2,0.0317772063,0.0024152624
1900,19.8,0.0302388025,0.0021870670
1900,20.2,0.0287979567,0.0019836098
1900,20.8,0.0274470988,0.0018018797
1900,21.2,0.0261793459,0.0016392700
1900,21.8,0.0249884320,0.0014935195
1900,22.2,0.0238686449,0.0013626629
1900,22.8,0.0228147710,0.0012449879
1900,23.2,0.0218220455,0.0011390002
1900,23.8,0.0208861085,0.0010433931
1900,24.2,0.0200029660,0.0009570215
1900,24.8,0.0191689545,0.0008788804
1900,25.2,0.0183807102,0.0008080858
1900,25.8,0.0176351405,0.0007438592
1900,26.2,0.0169293995,0.0006855135
1900,26.8,0.0162608653,0.0006324413
1900,27.2,0.0156271195,0.0005841048
1900,27.8,0.0150259298,0.0005400272
1900,28.2,0.0144552327,0.0004997848
1900,28.8,0.0139131198,0.0004630010
1900,29.2,0.0133978237,0.0004293401
1900,29.8,0.0129077062,0.0003985025
1900,30.2,0.0124412479,0.0003702208
1900,30.8,0.0119970377,0.0003442556
1900,31.2,0.0115737643,0.0003203924
1900,31.8,0.0111702079,0.0002984389
1900,32.2,0.0107852329,0.0002782223
1900,32.8,0.0104177813,0.0002595873
1900,33.2,0.0100668666,0.0002423938
1900,33.8,0.0097315680,0.0002265158
1900,34.2,0.0094110256,0.0002118394
1900,34.8,0.0091044358,0.0001982618
1900,35.2,0.0088110468,0.0001856897
2000,10.0,0.0954324471,0.0229298025
2000,10.2,0.0921265026,0.0213686636
2000,10.5,0.0889674348,0.0199283036
2000,10.8,0.0859475351,0.0185983770
2000,11.0,0.0830595421,0.0173694977
2000,11.2,0.0802966151,0.0162331451
2000,11.5,0.0776523087,0.0151815788
2000,11.8,0.0751205491,0.0142077629
2000,12.2,0.0703720999,0.0124683566
2000,12.8,0.0660092870,0.0109702943
2000,13.2,0.0619947661,0.0096764988
2000,13.8,0.0582952810,0.0085560831
2000,14.2,0.0548811809,0.0075832450
2000,14.8,0.0517259954,0.0067363696
2000,15.2,0.0488060622,0.0059972994
2000,15.8,0.0461001994,0.0053507394
2000,16.2,0.0435894193,0.0047837708
2000,16.8,0.0412566762,0.0042854523
2000,17.2,0.0390866460,0.0038464935
2000,17.8,0.0370655323,0.0034589850
2000,18.2,0.0351808960,0.0031161761
2000,18.8,0.0334215057,0.0028122907
2000,19.2,0.0317772063,0.0025423751
2000,19.8,0.0302388025,0.0023021699
2000,20.2,0.0287979567,0.0020880050
2000,20.8,0.0274470988,0.0018967107
2000,21.2,0.0261793459,0.0017255430
2000,21.8,0.0249884320,0.0015721218
2000,22.2,0.0238686449,0.0014343783
2000,22.8,0.0228147710,0.0013105102
2000,23.2,0.0218220455,0.0011989446
2000,23.8,0.0208861085,0.0010983057
2000,24.2,0.0200029660,0.0010073885
2000,24.8,0.0191689545,0.0009251349
2000,25.2,0.0183807102,0.0008506145
2000,25.8,0.0176351405,0.0007830077
2000,26.2,0.0169293995,0.0007215913
2000,26.8,0.0162608653,0.0006657260
2000,27.2,0.0156271195,0.0006148456
2000,27.8,0.0150259298,0.0005684482
2000,28.2,0.0144552327,0.0005260880
2000,28.8,0.0139131198,0.0004873683
2000,29.2,0.0133978237,0.0004519358
2000,29.8,0.0129077062,0.0004194752
2000,30.2,0.0124412479,0.0003897051
2000,30.8,0.0119970377,0.0003623733
2000,31.2,0.0115737643,0.0003372543
2000,31.8,0.0111702079,0.0003141454
2000,32.2,0.0107852329,0.0002928648
2000,32.8,0.0104177813,0.0002732491
2000,33.2,0.0100668666,0.0002551507
2000,33.8,0.0097315680,0.0002384371
2000,34.2,0.0094110256,0.0002229883
2000,34.8,0.0091044358,0.0002086961
2000,35.2,0.0088110468,0.0001954624
2100,10.0,0.0954324471,0.0240762284
2100,10.2,0.0921265026,0.0224370369
2100,10.5,0.0889674348,0.0209246629
2100,10.8,0.0859475351,0.0195282436
2100,11.0,0.0830595421,0.0182379239
2100,11.2,0.0802966151,0.0170447568
2100,11.5,0.0776523087,0.0159406152
2100,11.8,0.0751205491,0.0149181112
2100,12.2,0.0703720999,0.0130917395
2100,12.8,0.0660092870,0.0115187782
2100,13.2,0.0619947661,0.0101602966
2100,13.8,0.0582952810,0.0089838633
2100,14.2,0.0548811809,0.0079623860
2100,14.8,0.0517259954,0.0070731692
2100,15.2,0.0488060622,0.0062971476
2100,15.8,0.0461001994,0.0056182614
2100,16.2,0.0435894193,0.0050229459
2100,16.8,0.0412566762,0.0044997129
2100,17.2,0.0390866460,0.0040388074
2100,17.8,0.0370655323,0.0036319245
2100,18.2,0.0351808960,0.0032719761
2100,18.8,0.0334215057,0.0029528974
2100,19.2,0.0317772063,0.0026694867
2100,19.8,0.0302388025,0.0024172719
2100,20.2,0.0287979567,0.0021923994
2100,20.8,0.0274470988,0.0019915409
2100,21.2,0.0261793459,0.0018118153
2100,21.8,0.0249884320,0.0016507235
2100,22.2,0.0238686449,0.0015060932
2100,22.8,0.0228147710,0.0013760321
2100,23.2,0.0218220455,0.0012588884
2100,23.8,0.0208861085,0.0011532179
2100,24.2,0.0200029660,0.0010577551
2100,24.8,0.0191689545,0.0009713890
2100,25.2,0.0183807102,0.0008931428
2100,25.8,0.0176351405,0.0008221559
2100,26.2,0.0169293995,0.0007576689
2100,26.8,0.0162608653,0.0006990104
2100,27.2,0.0156271195,0.0006455861
2100,27.8,0.0150259298,0.0005968690
2100,28.2,0.0144552327,0.0005523909
2100,28.8,0.0139131198,0.0005117353
2100,29.2,0.0133978237,0.0004745313
2100,29.8,0.0129077062,0.0004404478
2100,30.2,0.0124412479,0.0004091893
2100,30.8,0.0119970377,0.0003804910
2100,31.2,0.0115737643,0.0003541160
2100,31.8,0.0111702079,0.0003298518
2100,32.2,0.0107852329,0.0003075073
2100,32.8,0.0104177813,0.0002869107
2100,33.2,0.0100668666,0.0002679076
2100,33.8,0.0097315680,0.0002503583
2100,34.2,0.0094110256,0.0002341371
2100,34.8,0.0091044358,0.0002191303
2100,35.2,0.0088110468,0.0002052350
2200,10.0,0.0954324471,0.0252226448
2200,10.2,0.0921265026,0.0235054014
2200,10.5,0.0889674348,0.0219210140
2200,10.8,0.0859475351,0.0204581027
2200,11.0,0.0830595421,0.0191063429
2200,11.2,0.0802966151,0.0178563619
2200,11.5,0.0776523087,0.0166996453
2200,11.8,0.0751205491,0.0156284537
2200,12.2,0.0703720999,0.0137151172
2200,12.8,0.0660092870,0.0120672577
2200,13.2,0.0619947661,0.0106440904
2200,13.8,0.0582952810,0.0094116399
2200,14.2,0.0548811809,0.0083415239
2200,14.8,0.0517259954,0.0074099660
2200,15.2,0.0488060622,0.0065969933
2200,15.8,0.0461001994,0.0058857812
2200,16.2,0.0435894193,0.0052621190
2200,16.8,0.0412566762,0.0047139718
2200,17.2,0.0390866460,0.0042311197
2200,17.8,0.0370655323,0.0038048627
2200,18.2,0.0351808960,0.0034277749
2200,18.8,0.0334215057,0.0030935029
2200,19.2,0.0317772063,0.0027965973
2200,19.8,0.0302388025,0.0025323730
2200,20.2,0.0287979567,0.0022967930
2200,20.8,0.0274470988,0.0020863703
2200,21.2,0.0261793459,0.0018980869
2200,21.8,0.0249884320,0.0017293246
2200,22.2,0.0238686449,0.0015778075
2200,22.8,0.0228147710,0.0014415534
2200,23.2,0.0218220455,0.0013188318
2200,23.8,0.0208861085,0.0012081297
2200,24.2,0.0200029660,0.0011081213
2200,24.8,0.0191689545,0.0010176428
2200,25.2,0.0183807102,0.0009356708
2200,25.8,0.0176351405,0.0008613038
2200,26.2,0.0169293995,0.0007937461
2200,26.8,0.0162608653,0.0007322946
2200,27.2,0.0156271195,0.0006763264
2200,27.8,0.0150259298,0.0006252896
2200,28.2,0.0144552327,0.0005786936
2200,28.8,0.0139131198,0.0005361022
2200,29.2,0.0133978237,0.0004971266
2200,29.8,0.0129077062,0.0004614202
2200,30.2,0.0124412479,0.0004286733
2200,30.8,0.0119970377,0.0003986085
2200,31.2,0.0115737643,0.0003709777
2200,31.8,0.0111702079,0.0003455580
2200,32.2,0.0107852329,0.0003221496
2200,32.8,0.0104177813,0.0003005723
2200,33.2,0.0100668666,0.0002806643
2200,33.8,0.0097315680,0.0002622794
2200,34.2,0.0094110256,0.0002452858
2200,34.8,0.0091044358,0.0002295644
2200,35.2,0.0088110468,0.0002150075
2300,10.0,0.0954324471,0.0263690513
2300,10.2,0.0921265026,0.0245737567
2300,10.5,0.0889674348,0.0229173566
2300,10.8,0.0859475351,0.0213879538
2300,11.0,0.0830595421,0.0199747545
2300,11.2,0.0802966151,0.0186679600
2300,11.5,0.0776523087,0.0174586689
2300,11.8,0.0751205491,0.0163387901
2300,12.2,0.0703720999,0.0143384896
2300,12.8,0.0660092870,0.0126157324
2300,13.2,0.0619947661,0.0111278801
2300,13.8,0.0582952810,0.0098394129
2300,14.2,0.0548811809,0.0087206585
2300,14.8,0.0517259954,0.0077467600
2300,15.2,0.0488060622,0.0068968364
2300,15.8,0.0461001994,0.0061532986
2300,16.2,0.0435894193,0.0055012901
2300,16.8,0.0412566762,0.0049282288
2300,17.2,0.0390866460,0.0044234304
2300,17.8,0.0370655323,0.0039777993
2300,18.2,0.0351808960,0.0035835723
2300,18.8,0.0334215057,0.0032341072
2300,19.2,0.0317772063,0.0029237068
2300,19.8,0.0302388025,0.0026474731
2300,20.2,0.0287979567,0.0024011856
2300,20.8,0.0274470988,0.0021811989
2300,21.2,0.0261793459,0.0019843577
2300,21.8,0.0249884320,0.0018079249
2300,22.2,0.0238686449,0.0016495212
2300,22.8,0.0228147710,0.0015070741
2300,23.2,0.0218220455,0.0013787747
2300,23.8,0.0208861085,0.0012630410
2300,24.2,0.0200029660,0.0011584870
2300,24.8,0.0191689545,0.0010638962
2300,25.2,0.0183807102,0.0009781984
2300,25.8,0.0176351405,0.0009004513
2300,26.2,0.0169293995,0.0008298231
2300,26.8,0.0162608653,0.0007655784
2300,27.2,0.0156271195,0.0007070665
2300,27.8,0.0150259298,0.0006537099
2300,28.2,0.0144552327,0.0006049961
2300,28.8,0.0139131198,0.0005604688
2300,29.2,0.0133978237,0.0005197218
2300,29.8,0.0129077062,0.0004823925
2300,30.2,0.0124412479,0.0004481571
2300,30.8,0.0119970377,0.0004167258
2300,31.2,0.0115737643,0.0003878392
2300,31.8,0.0111702079,0.0003612642
2300,32.2,0.0107852329,0.0003367917
2300,32.8,0.0104177813,0.0003142338
2300,33.2,0.0100668666,0.0002934209
2300,33.8,0.0097315680,0.0002742004
2300,34.2,0.0094110256,0.0002564344
2300,34.8,0.0091044358,0.0002399985
2300,35.2,0.0088110468,0.0002247799
2400,10.0,0.0954324471,0.0275154476
2400,10.2,0.0921265026,0.0256421024
2400,10.5,0.0889674348,0.0239136902
2400,10.8,0.0859475351,0.0223177965
2400,11.0,0.0830595421,0.0208431582
2400,11.2,0.0802966151,0.0194795507
2400,11.5,0.0776523087,0.0182176857
2400,11.8,0.0751205491,0.0170491200
2400,12.2,0.0703720999,0.0149618564
2400,12.8,0.0660092870,0.0131642022
2400,13.2,0.0619947661,0.0116116654
2400,13.8,0.0582952810,0.0102671820
2400,14.2,0.0548811809,0.0090997897
2400,14.8,0.0517259954,0.0080835509
2400,15.2,0.0488060622,0.0071966768
2400,15.8,0.0461001994,0.0064208137
2400,16.2,0.0435894193,0.0057404591
2400,16.8,0.0412566762,0.0051424838
2400,17.2,0.0390866460,0.0046157393
2400,17.8,0.0370655323,0.0041507344
2400,18.2,0.0351808960,0.0037393684
2400,18.8,0.0334215057,0.0033747102
2400,19.2,0.0317772063,0.0030508151
2400,19.8,0.0302388025,0.0027625722
2400,20.2,0.0287979567,0.0025055773
2400,20.8,0.0274470988,0.0022760267
2400,21.2,0.0261793459,0.0020706278
2400,21.8,0.0249884320,0.0018865246
2400,22.2,0.0238686449,0.0017212343
2400,22.8,0.0228147710,0.0015725943
2400,23.2,0.0218220455,0.0014387170
2400,23.8,0.0208861085,0.0013179518
2400,24.2,0.0200029660,0.0012088523
2400,24.8,0.0191689545,0.0011101491
2400,25.2,0.0183807102,0.0010207257
2400,25.8,0.0176351405,0.0009395985
2400,26.2,0.0169293995,0.0008658997
2400,26.8,0.0162608653,0.0007988620
2400,27.2,0.0156271195,0.0007378063
2400,27.8,0.0150259298,0.0006821300
2400,28.2,0.0144552327,0.0006312983
2400,28.8,0.0139131198,0.0005848352
2400,29.2,0.0133978237,0.0005423167
2400,29.8,0.0129077062,0.0005033645
2400,30.2,0.0124412479,0.0004676408
2400,30.8,0.0119970377,0.0004348430
2400,31.2,0.0115737643,0.0004047005
2400,31.8,0.0111702079,0.0003769702
2400,32.2,0.0107852329,0.0003514338
2400,32.8,0.0104177813,0.0003278951
2400,33.2,0.0100668666,0.0003061774
2400,33.8,0.0097315680,0.0002861212
2400,34.2,0.0094110256,0.0002675829
2400,34.8,0.0091044358,0.0002504324
2400,35.2,0.0088110468,0.0002345522
2500,10.0,0.0954324471,0.0286618331
2500,10.2,0.0921265026,0.0267104381
2500,10.5,0.0889674348,0.0249100144
2500,10.8,0.0859475351,0.0232476304
2500,11.0,0.0830595421,0.0217115539
2500,11.2,0.0802966151,0.0202911339
2500,11.5,0.0776523087,0.0189766954
2500,11.8,0.0751205491,0.0177594434
2500,12.2,0.0703720999,0.0155852173
2500,12.8,0.0660092870,0.0137126669
2500,13.2,0.0619947661,0.0120954462
2500,13.8,0.0582952810,0.0106949471
2500,14.2,0.0548811809,0.0094789174
2500,14.8,0.0517259954,0.0084203386
2500,15.2,0.0488060622,0.0074965144
2500,15.8,0.0461001994,0.0066883262
2500,16.2,0.0435894193,0.0059796258
2500,16.8,0.0412566762,0.0053567369
2500,17.2,0.0390866460,0.0048080464
2500,17.8,0.0370655323,0.0043236679
2500,18.2,0.0351808960,0.0038951630
2500,18.8,0.0334215057,0.0035153119
2500,19.2,0.0317772063,0.0031779223
2500,19.8,0.0302388025,0.0028776702
2500,20.2,0.0287979567,0.0026099680
2500,20.8,0.0274470988,0.0023708536
2500,21.2,0.0261793459,0.0021568971
2500,21.8,0.0249884320,0.0019651235
2500,22.2,0.0238686449,0.0017929467
2500,22.8,0.0228147710,0.0016381138
2500,23.2,0.0218220455,0.0014986588
2500,23.8,0.0208861085,0.0013728621
2500,24.2,0.0200029660,0.0012592172
2500,24.8,0.0191689545,0.0011564016
2500,25.2,0.0183807102,0.0010632525
2500,25.8,0.0176351405,0.0009787453
2500,26.2,0.0169293995,0.0009019759
2500,26.8,0.0162608653,0.0008321453
2500,27.2,0.0156271195,0.0007685457
2500,27.8,0.0150259298,0.0007105498
2500,28.2,0.0144552327,0.0006576003
2500,28.8,0.0139131198,0.0006092014
2500,29.2,0.0133978237,0.0005649114
2500,29.8,0.0129077062,0.0005243364
2500,30.2,0.0124412479,0.0004871242
2500,30.8,0.0119970377,0.0004529600
2500,31.2,0.0115737643,0.0004215617
2500,31.8,0.0111702079,0.0003926760
2500,32.2,0.0107852329,0.0003660757
2500,32.8,0.0104177813,0.0003415563
2500,33.2,0.0100668666,0.0003189337
2500,33.8,0.0097315680,0.0002980420
2500,34.2,0.0094110256,0.0002787313
2500,34.8,0.0091044358,0.0002608663
2500,35.2,0.0088110468,0.0002443244
1000,10.25,0.0921265026,0.0106845406
1000,10.75,0.0859475351,0.0092993702
1000,11.25,0.0802966151,0.0081167311
1000,11.75,0.0751205491,0.0071040203
1000,12.25,0.0703720999,0.0062343001
1000,12.75,0.0660092870,0.0054852543
1000,13.25,0.0619947661,0.0048383439
1000,13.75,0.0582952810,0.0042781252
1000,14.25,0.0548811809,0.0037916966
1000,14.75,0.0517259954,0.0033682506
1000,15.25,0.0488060622,0.0029987083
1000,15.75,0.0461001994,0.0026754220
1000,16.25,0.0435894193,0.0023919321
1000,16.75,0.0412566762,0.0021427680
1000,17.25,0.0390866460,0.0019232843
1000,17.75,0.0370655323,0.0017295263
1000,18.25,0.0351808960,0.0015581185
1000,18.75,0.0334215057,0.0014061728
1000,19.25,0.0317772063,0.0012712124
1000,19.75,0.0302388025,0.0011511074
1000,20.25,0.0287979567,0.0010440229
1000,20.75,0.0274470988,0.0009483739
1000,21.25,0.0261793459,0.0008627883
1000,21.75,0.0249884320,0.0007860763
1000,22.25,0.0238686449,0.0007172032
1000,22.75,0.0228147710,0.0006552679
1000,23.25,0.0218220455,0.0005994840
1000,23.75,0.0208861085,0.0005491636
1000,24.25,0.0200029660,0.0005037041
1000,24.75,0.0191689545,0.0004625765
1000,25.25,0.0183807102,0.0004253155
1000,25.75,0.0176351405,0.0003915115
1000,26.25,0.0169293995,0.0003608027
1000,26.75,0.0162608653,0.0003328695
1000,27.25,0.0156271195,0.0003074288
1000,27.75,0.0150259298,0.0002842297
1000,28.25,0.0144552327,0.0002630491
1000,28.75,0.0139131198,0.0002436889
1000,29.25,0.0133978237,0.0002259723
1000,29.75,0.0129077062,0.0002097417
1000,30.25,0.0124412479,0.0001948564
1000,30.75,0.0119970377,0.0001811902
1000,31.25,0.0115737643,0.0001686304
1000,31.75,0.0111702079,0.0001570758
1000,32.25,0.0107852329,0.0001464353
1000,32.75,0.0104177813,0.0001366272
1000,33.25,0.0100668666,0.0001275779
1000,33.75,0.0097315680,0.0001192209
1000,34.25,0.0094110256,0.0001114963
1000,34.75,0.0091044358,0.0001043501
1100,10.25,0.0921265026,0.0117529786
1100,10.75,0.0859475351,0.0102292932
1100,11.25,0.0802966151,0.0089283920
1100,11.75,0.0751205491,0.0078144116
1100,12.25,0.0703720999,0.0068577208
1100,12.75,0.0660092870,0.0060337715
1100,13.25,0.0619947661,0.0053221710
1100,13.75,0.0582952810,0.0047059312
1100,14.25,0.0548811809,0.0041708606
1100,14.75,0.0517259954,0.0037050706
1100,15.25,0.0488060622,0.0032985746
1100,15.75,0.0461001994,0.0029429602
1100,16.25,0.0435894193,0.0026311217
1100,16.75,0.0412566762,0.0023570416
1100,17.25,0.0390866460,0.0021156099
1100,17.75,0.0370655323,0.0019024763
1100,18.25,0.0351808960,0.0017139280
1100,18.75,0.0334215057,0.0015467880
1100,19.25,0.0317772063,0.0013983317
1100,19.75,0.0302388025,0.0012662165
1100,20.25,0.0287979567,0.0011484236
1100,20.75,0.0274470988,0.0010432098
1100,21.25,0.0261793459,0.0009490659
1100,21.75,0.0249884320,0.0008646827
1100,22.25,0.0238686449,0.0007889224
1100,22.75,0.0228147710,0.0007207937
1100,23.25,0.0218220455,0.0006594315
1100,23.75,0.0208861085,0.0006040791
1100,24.25,0.0200029660,0.0005540737
1100,24.75,0.0191689545,0.0005088334
1100,25.25,0.0183807102,0.0004678465
1100,25.75,0.0176351405,0.0004306621
1100,26.25,0.0169293995,0.0003968824
1100,26.75,0.0162608653,0.0003661559
1100,27.25,0.0156271195,0.0003381712
1100,27.75,0.0150259298,0.0003126522
1100,28.25,0.0144552327,0.0002893536
1100,28.75,0.0139131198,0.0002680574
1100,29.25,0.0133978237,0.0002485692
1100,29.75,0.0129077062,0.0002307156
1100,30.25,0.0124412479,0.0002143417
1100,30.75,0.0119970377,0.0001993090
1100,31.25,0.0115737643,0.0001854932
1100,31.75,0.0111702079,0.0001727831
1100,32.25,0.0107852329,0.0001610786
1100,32.75,0.0104177813,0.0001502897
1100,33.25,0.0100668666,0.0001403355
1100,33.75,0.0097315680,0.0001311428
1100,34.25,0.0094110256,0.0001226458
1100,34.75,0.0091044358,0.0001147849
1200,10.25,0.0921265026,0.0128214120
1200,10.75,0.0859475351,0.0111592123
1200,11.25,0.0802966151,0.0097400495
1200,11.75,0.0751205491,0.0085247999
1200,12.25,0.0703720999,0.0074811387
1200,12.75,0.0660092870,0.0065822864
1200,13.25,0.0619947661,0.0058059961
1200,13.75,0.0582952810,0.0051337355
1200,14.25,0.0548811809,0.0045500229
1200,14.75,0.0517259954,0.0040418892
1200,15.25,0.0488060622,0.0035984397
1200,15.75,0.0461001994,0.0032104972
1200,16.25,0.0435894193,0.0028703103
1200,16.75,0.0412566762,0.0025713143
1200,17.25,0.0390866460,0.0023079346
1200,17.75,0.0370655323,0.0020754256
1200,18.25,0.0351808960,0.0018697368
1200,18.75,0.0334215057,0.0016874026
1200,19.25,0.0317772063,0.0015254505
1200,19.75,0.0302388025,0.0013813250
1200,20.25,0.0287979567,0.0012528239
1200,20.75,0.0274470988,0.0011380454
1200,21.25,0.0261793459,0.0010353430
1200,21.75,0.0249884320,0.0009432888
1200,22.25,0.0238686449,0.0008606414
1200,22.75,0.0228147710,0.0007863193
1200,23.25,0.0218220455,0.0007193787
1200,23.75,0.0208861085,0.0006589944
1200,24.25,0.0200029660,0.0006044432
1200,24.75,0.0191689545,0.0005550902
1200,25.25,0.0183807102,0.0005103772
1200,25.75,0.0176351405,0.0004698125
1200,26.25,0.0169293995,0.0004329620
1200,26.75,0.0162608653,0.0003994422
1200,27.25,0.0156271195,0.0003689135
1200,27.75,0.0150259298,0.0003410746
1200,28.25,0.0144552327,0.0003156580
1200,28.75,0.0139131198,0.0002924258
1200,29.25,0.0133978237,0.0002711660
1200,29.75,0.0129077062,0.0002516893
1200,30.25,0.0124412479,0.0002338270
1200,30.75,0.0119970377,0.0002174276
1200,31.25,0.0115737643,0.0002023559
1200,31.75,0.0111702079,0.0001884904
1200,32.25,0.0107852329,0.0001757218
1200,32.75,0.0104177813,0.0001639522
1200,33.25,0.0100668666,0.0001530930
1200,33.75,0.0097315680,0.0001430646
1200,34.25,0.0094110256,0.0001337952
1200,34.75,0.0091044358,0.0001252197
1300,10.25,0.0921265026,0.0138898403
1300,10.75,0.0859475351,0.0120891269
1300,11.25,0.0802966151,0.0105517030
1300,11.75,0.0751205491,0.0092351848
1300,12.25,0.0703720999,0.0081045537
1300,12.75,0.0660092870,0.0071307986
1300,13.25,0.0619947661,0.0062898188
1300,13.75,0.0582952810,0.0055615377
1300,14.25,0.0548811809,0.0049291834
1300,14.75,0.0517259954,0.0043787061
1300,15.25,0.0488060622,0.0038983033
1300,15.75,0.0461001994,0.0034780330
1300,16.25,0.0435894193,0.0031094978
1300,16.75,0.0412566762,0.0027855859
1300,17.25,0.0390866460,0.0025002584
1300,17.75,0.0370655323,0.0022483741
1300,18.25,0.0351808960,0.0020255449
1300,18.75,0.0334215057,0.0018280165
1300,19.25,0.0317772063,0.0016525687
1300,19.75,0.0302388025,0.0014964329
1300,20.25,0.0287979567,0.0013572237
1300,20.75,0.0274470988,0.0012328805
1300,21.25,0.0261793459,0.0011216198
1300,21.75,0.0249884320,0.0010218946
1300,22.25,0.0238686449,0.0009323600
1300,22.75,0.0228147710,0.0008518445
1300,23.25,0.0218220455,0.0007793257
1300,23.75,0.0208861085,0.0007139095
1300,24.25,0.0200029660,0.0006548124
1300,24.75,0.0191689545,0.0006013467
1300,25.25,0.0183807102,0.0005529077
1300,25.75,0.0176351405,0.0005089627
1300,26.25,0.0169293995,0.0004690414
1300,26.75,0.0162608653,0.0004327284
1300,27.25,0.0156271195,0.0003996556
1300,27.75,0.0150259298,0.0003694969
1300,28.25,0.0144552327,0.0003419623
1300,28.75,0.0139131198,0.0003167941
1300,29.25,0.0133978237,0.0002937627
1300,29.75,0.0129077062,0.0002726630
1300,30.25,0.0124412479,0.0002533121
1300,30.75,0.0119970377,0.0002355462
1300,31.25,0.0115737643,0.0002192186
1300,31.75,0.0111702079,0.0002041976
1300,32.25,0.0107852329,0.0001903650
1300,32.75,0.0104177813,0.0001776146
1300,33.25,0.0100668666,0.0001658505
1300,33.75,0.0097315680,0.0001549864
1300,34.25,0.0094110256,0.0001449446
1300,34.75,0.0091044358,0.0001356545
1400,10.25,0.0921265026,0.0149582633
1400,10.75,0.0859475351,0.0130190369
1400,11.25,0.0802966151,0.0113633526
1400,11.75,0.0751205491,0.0099455662
1400,12.25,0.0703720999,0.0087279656
1400,12.75,0.0660092870,0.0076793081
1400,13.25,0.0619947661,0.0067736392
1400,13.75,0.0582952810,0.0059893378
1400,14.25,0.0548811809,0.0053083421
1400,14.75,0.0517259954,0.0047155214
1400,15.25,0.0488060622,0.0041981654
1400,15.75,0.0461001994,0.0037455674
1400,16.25,0.0435894193,0.0033486840
1400,16.75,0.0412566762,0.0029998565
1400,17.25,0.0390866460,0.0026925813
1400,17.75,0.0370655323,0.0024213217
1400,18.25,0.0351808960,0.0021813522
1400,18.75,0.0334215057,0.0019686297
1400,19.25,0.0317772063,0.0017796862
1400,19.75,0.0302388025,0.0016115403
1400,20.25,0.0287979567,0.0014616230
1400,20.75,0.0274470988,0.0013277151
1400,21.25,0.0261793459,0.0012078961
1400,21.75,0.0249884320,0.0011004999
1400,22.25,0.0238686449,0.0010040782
1400,22.75,0.0228147710,0.0009173694
1400,23.25,0.0218220455,0.0008392724
1400,23.75,0.0208861085,0.0007688242
1400,24.25,0.0200029660,0.0007051813
1400,24.75,0.0191689545,0.0006476030
1400,25.25,0.0183807102,0.0005954380
1400,25.75,0.0176351405,0.0005481127
1400,26.25,0.0169293995,0.0005051206
1400,26.75,0.0162608653,0.0004660144
1400,27.25,0.0156271195,0.0004303976
1400,27.75,0.0150259298,0.0003979190
1400,28.25,0.0144552327,0.0003682665
1400,28.75,0.0139131198,0.0003411623
1400,29.25,0.0133978237,0.0003163592
1400,29.75,0.0129077062,0.0002936366
1400,30.25,0.0124412479,0.0002727972
1400,30.75,0.0119970377,0.0002536647
1400,31.25,0.0115737643,0.0002360811
1400,31.75,0.0111702079,0.0002199047
1400,32.25,0.0107852329,0.0002050081
1400,32.75,0.0104177813,0.0001912769
1400,33.25,0.0100668666,0.0001786079
1400,33.75,0.0097315680,0.0001669082
1400,34.25,0.0094110256,0.0001560939
1400,34.75,0.0091044358,0.0001460892
1500,10.25,0.0921265026,0.0160266805
1500,10.75,0.0859475351,0.0139489418
1500,11.25,0.0802966151,0.0121749976
1500,11.75,0.0751205491,0.0106559437
1500,12.25,0.0703720999,0.0093513741
1500,12.75,0.0660092870,0.0082278145
1500,13.25,0.0619947661,0.0072574568
1500,13.75,0.0582952810,0.0064171355
1500,14.25,0.0548811809,0.0056874986
1500,14.75,0.0517259954,0.0050523348
1500,15.25,0.0488060622,0.0044980259
1500,15.75,0.0461001994,0.0040131003
1500,16.25,0.0435894193,0.0035878690
1500,16.75,0.0412566762,0.0032141259
1500,17.25,0.0390866460,0.0028849030
1500,17.75,0.0370655323,0.0025942683
1500,18.25,0.0351808960,0.0023371587
1500,18.75,0.0334215057,0.0021092421
1500,19.25,0.0317772063,0.0019068030
1500,19.75,0.0302388025,0.0017266471
1500,20.25,0.0287979567,0.0015660216
1500,20.75,0.0274470988,0.0014225492
1500,21.25,0.0261793459,0.0012941720
1500,21.75,0.0249884320,0.0011791048
1500,22.25,0.0238686449,0.0010757960
1500,22.75,0.0228147710,0.0009828939
1500,23.25,0.0218220455,0.0008992187
1500,23.75,0.0208861085,0.0008237387
1500,24.25,0.0200029660,0.0007555500
1500,24.75,0.0191689545,0.0006938591
1500,25.25,0.0183807102,0.0006379681
1500,25.75,0.0176351405,0.0005872625
1500,26.25,0.0169293995,0.0005411997
1500,26.75,0.0162608653,0.0004993002
1500,27.25,0.0156271195,0.0004611395
1500,27.75,0.0150259298,0.0004263410
1500,28.25,0.0144552327,0.0003945705
1500,28.75,0.0139131198,0.0003655304
1500,29.25,0.0133978237,0.0003389557
1500,29.75,0.0129077062,0.0003146100
1500,30.25,0.0124412479,0.0002922822
1500,30.75,0.0119970377,0.0002717831
1500,31.25,0.0115737643,0.0002529436
1500,31.75,0.0111702079,0.0002356117
1500,32.25,0.0107852329,0.0002196511
1500,32.75,0.0104177813,0.0002049391
1500,33.25,0.0100668666,0.0001913652
1500,33.75,0.0097315680,0.0001788299
1500,34.25,0.0094110256,0.0001672431
1500,34.75,0.0091044358,0.0001565238
1600,10.25,0.0921265026,0.0170950913
1600,10.75,0.0859475351,0.0148788411
1600,11.25,0.0802966151,0.0129866379
1600,11.75,0.0751205491,0.0113663170
1600,12.25,0.0703720999,0.0099747789
1600,12.75,0.0660092870,0.0087763177
1600,13.25,0.0619947661,0.0077412716
1600,13.75,0.0582952810,0.0068449307
1600,14.25,0.0548811809,0.0060666529
1600,14.75,0.0517259954,0.0053891462
1600,15.25,0.0488060622,0.0047978845
1600,15.75,0.0461001994,0.0042806317
1600,16.25,0.0435894193,0.0038270525
1600,16.75,0.0412566762,0.0034283940
1600,17.25,0.0390866460,0.0030772237
1600,17.75,0.0370655323,0.0027672139
1600,18.25,0.0351808960,0.0024929642
1600,18.75,0.0334215057,0.0022498537
1600,19.25,0.0317772063,0.0020339191
1600,19.75,0.0302388025,0.0018417532
1600,20.25,0.0287979567,0.0016704197
1600,20.75,0.0274470988,0.0015173828
1600,21.25,0.0261793459,0.0013804473
1600,21.75,0.0249884320,0.0012577093
1600,22.25,0.0238686449,0.0011475134
1600,22.75,0.0228147710,0.0010484180
1600,23.25,0.0218220455,0.0009591647
1600,23.75,0.0208861085,0.0008786528
1600,24.25,0.0200029660,0.0008059184
1600,24.75,0.0191689545,0.0007401148
1600,25.25,0.0183807102,0.0006804980
1600,25.75,0.0176351405,0.0006264120
1600,26.25,0.0169293995,0.0005772785
1600,26.75,0.0162608653,0.0005325858
1600,27.25,0.0156271195,0.0004918811
1600,27.75,0.0150259298,0.0004547628
1600,28.25,0.0144552327,0.0004208743
1600,28.75,0.0139131198,0.0003898983
1600,29.25,0.0133978237,0.0003615520
1600,29.75,0.0129077062,0.0003355833
1600,30.25,0.0124412479,0.0003117670
1600,30.75,0.0119970377,0.0002899014
1600,31.25,0.0115737643,0.0002698060
1600,31.75,0.0111702079,0.0002513187
1600,32.25,0.0107852329,0.0002342941
1600,32.75,0.0104177813,0.0002186013
1600,33.25,0.0100668666,0.0002041225
1600,33.75,0.0097315680,0.0001907515
1600,34.25,0.0094110256,0.0001783923
1600,34.75,0.0091044358,0.0001669584
1700,10.25,0.0921265026,0.0181634954
1700,10.75,0.0859475351,0.0158087347
1700,11.25,0.0802966151,0.0137982731
1700,11.75,0.0751205491,0.0120766858
1700,12.25,0.0703720999,0.0105981798
1700,12.75,0.0660092870,0.0093248176
1700,13.25,0.0619947661,0.0082250834
1700,13.75,0.0582952810,0.0072727232
1700,14.25,0.0548811809,0.0064458049
1700,14.75,0.0517259954,0.0057259556
1700,15.25,0.0488060622,0.0050977414
1700,15.75,0.0461001994,0.0045481614
1700,16.25,0.0435894193,0.0040662346
1700,16.75,0.0412566762,0.0036426608
1700,17.25,0.0390866460,0.0032695431
1700,17.75,0.0370655323,0.0029401585
1700,18.25,0.0351808960,0.0026487688
1700,18.75,0.0334215057,0.0023904644
1700,19.25,0.0317772063,0.0021610344
1700,19.75,0.0302388025,0.0019568586
1700,20.25,0.0287979567,0.0017748171
1700,20.75,0.0274470988,0.0016122157
1700,21.25,0.0261793459,0.0014667221
1700,21.75,0.0249884320,0.0013363132
1700,22.25,0.0238686449,0.0012192304
1700,22.75,0.0228147710,0.0011139418
1700,23.25,0.0218220455,0.0010191103
1700,23.75,0.0208861085,0.0009335666
1700,24.25,0.0200029660,0.0008562864
1700,24.75,0.0191689545,0.0007863703
1700,25.25,0.0183807102,0.0007230275
1700,25.75,0.0176351405,0.0006655614
1700,26.25,0.0169293995,0.0006133571
1700,26.75,0.0162608653,0.0005658712
1700,27.25,0.0156271195,0.0005226225
1700,27.75,0.0150259298,0.0004831845
1700,28.25,0.0144552327,0.0004471780
1700,28.75,0.0139131198,0.0004142660
1700,29.25,0.0133978237,0.0003841482
1700,29.75,0.0129077062,0.0003565565
1700,30.25,0.0124412479,0.0003312517
1700,30.75,0.0119970377,0.0003080196
1700,31.25,0.0115737643,0.0002866682
1700,31.75,0.0111702079,0.0002670255
1700,32.25,0.0107852329,0.0002489369
1700,32.75,0.0104177813,0.0002322634
1700,33.25,0.0100668666,0.0002168797
1700,33.75,0.0097315680,0.0002026730
1700,34.25,0.0094110256,0.0001895414
1700,34.75,0.0091044358,0.0001773929
1800,10.25,0.0921265026,0.0192318925
1800,10.75,0.0859475351,0.0167386222
1800,11.25,0.0802966151,0.0146099029
1800,11.75,0.0751205491,0.0127870500
1800,12.25,0.0703720999,0.0112215765
1800,12.75,0.0660092870,0.0098733137
1800,13.25,0.0619947661,0.0087088920
1800,13.75,0.0582952810,0.0077005129
1800,14.25,0.0548811809,0.0068249543
1800,14.75,0.0517259954,0.0060627627
1800,15.25,0.0488060622,0.0053975962
1800,15.75,0.0461001994,0.0048156893
1800,16.25,0.0435894193,0.0043054150
1800,16.75,0.0412566762,0.0038569262
1800,17.25,0.0390866460,0.0034618613
1800,17.75,0.0370655323,0.0031131019
1800,18.25,0.0351808960,0.0028045723
1800,18.75,0.0334215057,0.0025310742
1800,19.25,0.0317772063,0.0022881489
1800,19.75,0.0302388025,0.0020719632
1800,20.25,0.0287979567,0.0018792138
1800,20.75,0.0274470988,0.0017070480
1800,21.25,0.0261793459,0.0015529964
1800,21.75,0.0249884320,0.0014149167
1800,22.25,0.0238686449,0.0012909469
1800,22.75,0.0228147710,0.0011794651
1800,23.25,0.0218220455,0.0010790555
1800,23.75,0.0208861085,0.0009884801
1800,24.25,0.0200029660,0.0009066541
1800,24.75,0.0191689545,0.0008326255
1800,25.25,0.0183807102,0.0007655568
1800,25.75,0.0176351405,0.0007047104
1800,26.25,0.0169293995,0.0006494354
1800,26.75,0.0162608653,0.0005991563
1800,27.25,0.0156271195,0.0005533638
1800,27.75,0.0150259298,0.0005116059
1800,28.25,0.0144552327,0.0004734815
1800,28.75,0.0139131198,0.0004386336
1800,29.25,0.0133978237,0.0004067442
1800,29.75,0.0129077062,0.0003775296
1800,30.25,0.0124412479,0.0003507363
1800,30.75,0.0119970377,0.0003261376
1800,31.25,0.0115737643,0.0003035304
1800,31.75,0.0111702079,0.0002827323
1800,32.25,0.0107852329,0.0002635797
1800,32.75,0.0104177813,0.0002459254
1800,33.25,0.0100668666,0.0002296368
1800,33.75,0.0097315680,0.0002145945
1800,34.25,0.0094110256,0.0002006905
1800,34.75,0.0091044358,0.0001878274
1900,10.25,0.0921265026,0.0203002821
1900,10.75,0.0859475351,0.0176685030
1900,11.25,0.0802966151,0.0154215270
1900,11.75,0.0751205491,0.0134974091
1900,12.25,0.0703720999,0.0118449689
1900,12.75,0.0660092870,0.0104218061
1900,13.25,0.0619947661,0.0091926972
1900,13.75,0.0582952810,0.0081282996
1900,14.25,0.0548811809,0.0072041011
1900,14.75,0.0517259954,0.0063995674
1900,15.25,0.0488060622,0.0056974489
1900,15.75,0.0461001994,0.0050832154
1900,16.25,0.0435894193,0.0045445938
1900,16.75,0.0412566762,0.0040711901
1900,17.25,0.0390866460,0.0036541781
1900,17.75,0.0370655323,0.0032860441
1900,18.25,0.0351808960,0.0029603748
1900,18.75,0.0334215057,0.0026716830
1900,19.25,0.0317772063,0.0024152625
1900,19.75,0.0302388025,0.0021870670
1900,20.25,0.0287979567,0.0019836098
1900,20.75,0.0274470988,0.0018018797
1900,21.25,0.0261793459,0.0016392700
1900,21.75,0.0249884320,0.0014935196
1900,22.25,0.0238686449,0.0013626629
1900,22.75,0.0228147710,0.0012449879
1900,23.25,0.0218220455,0.0011390002
1900,23.75,0.0208861085,0.0010433931
1900,24.25,0.0200029660,0.0009570215
1900,24.75,0.0191689545,0.0008788804
1900,25.25,0.0183807102,0.0008080858
1900,25.75,0.0176351405,0.0007438592
1900,26.25,0.0169293995,0.0006855135
1900,26.75,0.0162608653,0.0006324413
1900,27.25,0.0156271195,0.0005841048
1900,27.75,0.0150259298,0.0005400272
1900,28.25,0.0144552327,0.0004997848
1900,28.75,0.0139131198,0.0004630010
1900,29.25,0.0133978237,0.0004293401
1900,29.75,0.0129077062,0.0003985025
1900,30.25,0.0124412479,0.0003702208
1900,30.75,0.0119970377,0.0003442556
1900,31.25,0.0115737643,0.0003203924
1900,31.75,0.0111702079,0.0002984389
1900,32.25,0.0107852329,0.0002782223
1900,32.75,0.0104177813,0.0002595873
1900,33.25,0.0100668666,0.0002423938
1900,33.75,0.0097315680,0.0002265158
1900,34.25,0.0094110256,0.0002118394
1900,34.75,0.0091044358,0.0001982618
2000,10.25,0.0921265026,0.0213686636
2000,10.75,0.0859475351,0.0185983769
2000,11.25,0.0802966151,0.0162331450
2000,11.75,0.0751205491,0.0142077629
2000,12.25,0.0703720999,0.0124683566
2000,12.75,0.0660092870,0.0109702943
2000,13.25,0.0619947661,0.0096764987
2000,13.75,0.0582952810,0.0085560831
2000,14.25,0.0548811809,0.0075832450
2000,14.75,0.0517259954,0.0067363696
2000,15.25,0.0488060622,0.0059972994
2000,15.75,0.0461001994,0.0053507394
2000,16.25,0.0435894193,0.0047837708
2000,16.75,0.0412566762,0.0042854523
2000,17.25,0.0390866460,0.0038464935
2000,17.75,0.0370655323,0.0034589850
2000,18.25,0.0351808960,0.0031161760
2000,18.75,0.0334215057,0.0028122907
2000,19.25,0.0317772063,0.0025423751
2000,19.75,0.0302388025,0.0023021699
2000,20.25,0.0287979567,0.0020880050
2000,20.75,0.0274470988,0.0018967107
2000,21.25,0.0261793459,0.0017255430
2000,21.75,0.0249884320,0.0015721218
2000,22.25,0.0238686449,0.0014343783
2000,22.75,0.0228147710,0.0013105102
2000,23.25,0.0218220455,0.0011989446
2000,23.75,0.0208861085,0.0010983057
2000,24.25,0.0200029660,0.0010073885
2000,24.75,0.0191689545,0.0009251349
2000,25.25,0.0183807102,0.0008506145
2000,25.75,0.0176351405,0.0007830077
2000,26.25,0.0169293995,0.0007215913
2000,26.75,0.0162608653,0.0006657260
2000,27.25,0.0156271195,0.0006148456
2000,27.75,0.0150259298,0.0005684482
2000,28.25,0.0144552327,0.0005260880
2000,28.75,0.0139131198,0.0004873683
2000,29.25,0.0133978237,0.0004519358
2000,29.75,0.0129077062,0.0004194752
2000,30.25,0.0124412479,0.0003897051
2000,30.75,0.0119970377,0.0003623733
2000,31.25,0.0115737643,0.0003372543
2000,31.75,0.0111702079,0.0003141454
2000,32.25,0.0107852329,0.0002928648
2000,32.75,0.0104177813,0.0002732491
2000,33.25,0.0100668666,0.0002551507
2000,33.75,0.0097315680,0.0002384371
2000,34.25,0.0094110256,0.0002229883
2000,34.75,0.0091044358,0.0002086961
2100,10.25,0.0921265026,0.0224370369
2100,10.75,0.0859475351,0.0195282437
2100,11.25,0.0802966151,0.0170447568
2100,11.75,0.0751205491,0.0149181112
2100,12.25,0.0703720999,0.0130917395
2100,12.75,0.0660092870,0.0115187782
2100,13.25,0.0619947661,0.0101602966
2100,13.75,0.0582952810,0.0089838633
2100,14.25,0.0548811809,0.0079623860
2100,14.75,0.0517259954,0.0070731692
2100,15.25,0.0488060622,0.0062971476
2100,15.75,0.0461001994,0.0056182614
2100,16.25,0.0435894193,0.0050229459
2100,16.75,0.0412566762,0.0044997129
2100,17.25,0.0390866460,0.0040388074
2100,17.75,0.0370655323,0.0036319245
2100,18.25,0.0351808960,0.0032719761
2100,18.75,0.0334215057,0.0029528974
2100,19.25,0.0317772063,0.0026694867
2100,19.75,0.0302388025,0.0024172719
2100,20.25,0.0287979567,0.0021923994
2100,20.75,0.0274470988,0.0019915409
2100,21.25,0.0261793459,0.0018118153
2100,21.75,0.0249884320,0.0016507235
2100,22.25,0.0238686449,0.0015060932
2100,22.75,0.0228147710,0.0013760321
2100,23.25,0.0218220455,0.0012588884
2100,23.75,0.0208861085,0.0011532180
2100,24.25,0.0200029660,0.0010577551
2100,24.75,0.0191689545,0.0009713890
2100,25.25,0.0183807102,0.0008931428
2100,25.75,0.0176351405,0.0008221559
2100,26.25,0.0169293995,0.0007576689
2100,26.75,0.0162608653,0.0006990104
2100,27.25,0.0156271195,0.0006455861
2100,27.75,0.0150259298,0.0005968690
2100,28.25,0.0144552327,0.0005523909
2100,28.75,0.0139131198,0.0005117353
2100,29.25,0.0133978237,0.0004745313
2100,29.75,0.0129077062,0.0004404478
2100,30.25,0.0124412479,0.0004091893
2100,30.75,0.0119970377,0.0003804910
2100,31.25,0.0115737643,0.0003541160
2100,31.75,0.0111702079,0.0003298518
2100,32.25,0.0107852329,0.0003075073
2100,32.75,0.0104177813,0.0002869107
2100,33.25,0.0100668666,0.0002679076
2100,33.75,0.0097315680,0.0002503583
2100,34.25,0.0094110256,0.0002341371
2100,34.75,0.0091044358,0.0002191303
2200,10.25,0.0921265026,0.0235054014
2200,10.75,0.0859475351,0.0204581027
2200,11.25,0.0802966151,0.0178563619
2200,11.75,0.0751205491,0.0156284537
2200,12.25,0.0703720999,0.0137151172
2200,12.75,0.0660092870,0.0120672577
2200,13.25,0.0619947661,0.0106440904
2200,13.75,0.0582952810,0.0094116399
2200,14.25,0.0548811809,0.0083415239
2200,14.75,0.0517259954,0.0074099660
2200,15.25,0.0488060622,0.0065969933
2200,15.75,0.0461001994,0.0058857812
2200,16.25,0.0435894193,0.0052621190
2200,16.75,0.0412566762,0.0047139718
2200,17.25,0.0390866460,0.0042311197
2200,17.75,0.0370655323,0.0038048627
2200,18.25,0.0351808960,0.0034277749
2200,18.75,0.0334215057,0.0030935029
2200,19.25,0.0317772063,0.0027965973
2200,19.75,0.0302388025,0.0025323730
2200,20.25,0.0287979567,0.0022967930
2200,20.75,0.0274470988,0.0020863703
2200,21.25,0.0261793459,0.0018980869
2200,21.75,0.0249884320,0.0017293246
2200,22.25,0.0238686449,0.0015778075
2200,22.75,0.0228147710,0.0014415534
2200,23.25,0.0218220455,0.0013188318
2200,23.75,0.0208861085,0.0012081297
2200,24.25,0.0200029660,0.0011081213
2200,24.75,0.0191689545,0.0010176428
2200,25.25,0.0183807102,0.0009356708
2200,25.75,0.0176351405,0.0008613038
2200,26.25,0.0169293995,0.0007937461
2200,26.75,0.0162608653,0.0007322946
2200,27.25,0.0156271195,0.0006763264
2200,27.75,0.0150259298,0.0006252896
2200,28.25,0.0144552327,0.0005786936
2200,28.75,0.0139131198,0.0005361022
2200,29.25,0.0133978237,0.0004971266
2200,29.75,0.0129077062,0.0004614202
2200,30.25,0.0124412479,0.0004286733
2200,30.75,0.0119970377,0.0003986085
2200,31.25,0.0115737643,0.0003709777
2200,31.75,0.0111702079,0.0003455580
2200,32.25,0.0107852329,0.0003221496
2200,32.75,0.0104177813,0.0003005723
2200,33.25,0.0100668666,0.0002806643
2200,33.75,0.0097315680,0.0002622794
2200,34.25,0.0094110256,0.0002452858
2200,34.75,0.0091044358,0.0002295644
2300,10.25,0.0921265026,0.0245737567
2300,10.75,0.0859475351,0.0213879537
2300,11.25,0.0802966151,0.0186679599
2300,11.75,0.0751205491,0.0163387900
2300,12.25,0.0703720999,0.0143384896
2300,12.75,0.0660092870,0.0126157324
2300,13.25,0.0619947661,0.0111278801
2300,13.75,0.0582952810,0.0098394129
2300,14.25,0.0548811809,0.0087206585
2300,14.75,0.0517259954,0.0077467600
2300,15.25,0.0488060622,0.0068968364
2300,15.75,0.0461001994,0.0061532986
2300,16.25,0.0435894193,0.0055012901
2300,16.75,0.0412566762,0.0049282287
2300,17.25,0.0390866460,0.0044234304
2300,17.75,0.0370655323,0.0039777993
2300,18.25,0.0351808960,0.0035835723
2300,18.75,0.0334215057,0.0032341072
2300,19.25,0.0317772063,0.0029237068
2300,19.75,0.0302388025,0.0026474731
2300,20.25,0.0287979567,0.0024011856
2300,20.75,0.0274470988,0.0021811989
2300,21.25,0.0261793459,0.0019843577
2300,21.75,0.0249884320,0.0018079249
2300,22.25,0.0238686449,0.0016495212
2300,22.75,0.0228147710,0.0015070741
2300,23.25,0.0218220455,0.0013787747
2300,23.75,0.0208861085,0.0012630410
2300,24.25,0.0200029660,0.0011584870
2300,24.75,0.0191689545,0.0010638962
2300,25.25,0.0183807102,0.0009781984
2300,25.75,0.0176351405,0.0009004513
2300,26.25,0.0169293995,0.0008298230
2300,26.75,0.0162608653,0.0007655784
2300,27.25,0.0156271195,0.0007070665
2300,27.75,0.0150259298,0.0006537099
2300,28.25,0.0144552327,0.0006049961
2300,28.75,0.0139131198,0.0005604688
2300,29.25,0.0133978237,0.0005197218
2300,29.75,0.0129077062,0.0004823925
2300,30.25,0.0124412479,0.0004481571
2300,30.75,0.0119970377,0.0004167258
2300,31.25,0.0115737643,0.0003878392
2300,31.75,0.0111702079,0.0003612642
2300,32.25,0.0107852329,0.0003367917
2300,32.75,0.0104177813,0.0003142338
2300,33.25,0.0100668666,0.0002934209
2300,33.75,0.0097315680,0.0002742004
2300,34.25,0.0094110256,0.0002564344
2300,34.75,0.0091044358,0.0002399985
2400,10.25,0.0921265026,0.0256421024
2400,10.75,0.0859475351,0.0223177965
2400,11.25,0.0802966151,0.0194795508
2400,11.75,0.0751205491,0.0170491200
2400,12.25,0.0703720999,0.0149618564
2400,12.75,0.0660092870,0.0131642022
2400,13.25,0.0619947661,0.0116116654
2400,13.75,0.0582952810,0.0102671820
2400,14.25,0.0548811809,0.0090997897
2400,14.75,0.0517259954,0.0080835509
2400,15.25,0.0488060622,0.0071966768
2400,15.75,0.0461001994,0.0064208137
2400,16.25,0.0435894193,0.0057404591
2400,16.75,0.0412566762,0.0051424838
2400,17.25,0.0390866460,0.0046157393
2400,17.75,0.0370655323,0.0041507344
2400,18.25,0.0351808960,0.0037393684
2400,18.75,0.0334215057,0.0033747102
2400,19.25,0.0317772063,0.0030508151
2400,19.75,0.0302388025,0.0027625722
2400,20.25,0.0287979567,0.0025055773
2400,20.75,0.0274470988,0.0022760267
2400,21.25,0.0261793459,0.0020706278
2400,21.75,0.0249884320,0.0018865246
2400,22.25,0.0238686449,0.0017212343
2400,22.75,0.0228147710,0.0015725943
2400,23.25,0.0218220455,0.0014387170
2400,23.75,0.0208861085,0.0013179518
2400,24.25,0.0200029660,0.0012088523
2400,24.75,0.0191689545,0.0011101491
2400,25.25,0.0183807102,0.0010207257
2400,25.75,0.0176351405,0.0009395985
2400,26.25,0.0169293995,0.0008658997
2400,26.75,0.0162608653,0.0007988620
2400,27.25,0.0156271195,0.0007378063
2400,27.75,0.0150259298,0.0006821300
2400,28.25,0.0144552327,0.0006312983
2400,28.75,0.0139131198,0.0005848352
2400,29.25,0.0133978237,0.0005423167
2400,29.75,0.0129077062,0.0005033645
2400,30.25,0.0124412479,0.0004676408
2400,30.75,0.0119970377,0.0004348430
2400,31.25,0.0115737643,0.0004047005
2400,31.75,0.0111702079,0.0003769702
2400,32.25,0.0107852329,0.0003514338
2400,32.75,0.0104177813,0.0003278951
2400,33.25,0.0100668666,0.0003061774
2400,33.75,0.0097315680,0.0002861212
2400,34.25,0.0094110256,0.0002675829
2400,34.75,0.0091044358,0.0002504324
2500,10.25,0.0921265026,0.0267104381
2500,10.75,0.0859475351,0.0232476305
2500,11.25,0.0802966151,0.0202911339
2500,11.75,0.0751205491,0.0177594434
2500,12.25,0.0703720999,0.0155852173
2500,12.75,0.0660092870,0.0137126669
2500,13.25,0.0619947661,0.0120954462
2500,13.75,0.0582952810,0.0106949471
2500,14.25,0.0548811809,0.0094789174
2500,14.75,0.0517259954,0.0084203386
2500,15.25,0.0488060622,0.0074965144
2500,15.75,0.0461001994,0.0066883262
2500,16.25,0.0435894193,0.0059796258
2500,16.75,0.0412566762,0.0053567369
2500,17.25,0.0390866460,0.0048080464
2500,17.75,0.0370655323,0.0043236679
2500,18.25,0.0351808960,0.0038951630
2500,18.75,0.0334215057,0.0035153119
2500,19.25,0.0317772063,0.0031779223
2500,19.75,0.0302388025,0.0028776702
2500,20.25,0.0287979567,0.0026099680
2500,20.75,0.0274470988,0.0023708536
2500,21.25,0.0261793459,0.0021568971
2500,21.75,0.0249884320,0.0019651235
2500,22.25,0.0238686449,0.0017929467
2500,22.75,0.0228147710,0.0016381138
2500,23.25,0.0218220455,0.0014986588
2500,23.75,0.0208861085,0.0013728621
2500,24.25,0.0200029660,0.0012592172
2500,24.75,0.0191689545,0.0011564016
2500,25.25,0.0183807102,0.0010632525
2500,25.75,0.0176351405,0.0009787453
2500,26.25,0.0169293995,0.0009019759
2500,26.75,0.0162608653,0.0008321453
2500,27.25,0.0156271195,0.0007685457
2500,27.75,0.0150259298,0.0007105498
2500,28.25,0.0144552327,0.0006576003
2500,28.75,0.0139131198,0.0006092014
2500,29.25,0.0133978237,0.0005649114
2500,29.75,0.0129077062,0.0005243364
2500,30.25,0.0124412479,0.0004871242
2500,30.75,0.0119970377,0.0004529600
2500,31.25,0.0115737643,0.0004215617
2500,31.75,0.0111702079,0.0003926760
2500,32.25,0.0107852329,0.0003660757
2500,32.75,0.0104177813,0.0003415563
2500,33.25,0.0100668666,0.0003189337
2500,33.75,0.0097315680,0.0002980420
2500,34.25,0.0094110256,0.0002787313
2500,34.75,0.0091044358,0.0002608663
1000,5.00,0.2095693764,0.0552894574
1000,5.25,0.2007356843,0.0507266114
1000,5.50,0.1923463792,0.0465751987
1000,5.75,0.1843782167,0.0427962688
1000,6.00,0.1768089220,0.0393545579
1000,6.25,0.1696172066,0.0362181697
1000,6.50,0.1627827713,0.0333582732
1000,6.75,0.1562862994,0.0307488234
1000,7.00,0.1501094410,0.0283663006
1000,7.25,0.1442347910,0.0261894721
1000,7.50,0.1386458613,0.0241991720
1000,7.75,0.1333270508,0.0223781011
1000,8.00,0.1282636106,0.0207106442
1000,8.25,0.1234416095,0.0191827045
1000,8.50,0.1188478973,0.0177815531
1000,8.75,0.1144700677,0.0164956930
1000,9.00,0.1102964218,0.0153147366
1000,9.25,0.1063159319,0.0142292951
1000,9.50,0.1025182057,0.0132308784
1000,9.75,0.0988934521,0.0123118059
1100,5.00,0.2095693764,0.0608183200
1100,5.25,0.2007356843,0.0557991962
1100,5.50,0.1923463792,0.0512326485
1100,5.75,0.1843782167,0.0470758312
1100,6.00,0.1768089220,0.0432899545
1100,6.25,0.1696172066,0.0398399321
1100,6.50,0.1627827713,0.0366940504
1100,6.75,0.1562862994,0.0338236594
1100,7.00,0.1501094410,0.0312028880
1100,7.25,0.1442347910,0.0288083799
1100,7.50,0.1386458613,0.0266190528
1100,7.75,0.1333270508,0.0246158775
1100,8.00,0.1282636106,0.0227816775
1100,8.25,0.1234416095,0.0211009461
1100,8.50,0.1188478973,0.0195596816
1100,8.75,0.1144700677,0.0181452375
1100,9.00,0.1102964218,0.0168461872
1100,9.25,0.1063159319,0.0156522032
1100,9.50,0.1025182057,0.0145539464
1100,9.75,0.0988934521,0.0135429680
1200,5.00,0.2095693764,0.0663471587
1200,5.25,0.2007356843,0.0608717592
1200,5.50,0.1923463792,0.0558900783
1200,5.75,0.1843782167,0.0513553753
1200,6.00,0.1768089220,0.0472253342
1200,6.25,0.1696172066,0.0434616790
1200,6.50,0.1627827713,0.0400298131
1200,6.75,0.1562862994,0.0368984823
1200,7.00,0.1501094410,0.0340394632
1200,7.25,0.1442347910,0.0314272765
1200,7.50,0.1386458613,0.0290389231
1200,7.75,0.1333270508,0.0268536443
1200,8.00,0.1282636106,0.0248527018
1200,8.25,0.1234416095,0.0230191795
1200,8.50,0.1188478973,0.0213378025
1200,8.75,0.1144700677,0.0197947748
1200,9.00,0.1102964218,0.0183776313
1200,9.25,0.1063159319,0.0170751052
1200,9.50,0.1025182057,0.0158770086
1200,9.75,0.0988934521,0.0147741247
1300,5.00,0.2095693764,0.0718759716
1300,5.25,0.2007356843,0.0659442984
1300,5.50,0.1923463792,0.0605474862
1300,5.75,0.1843782167,0.0556348993
1300,6.00,0.1768089220,0.0511606954
1300,6.25,0.1696172066,0.0470834089
1300,6.50,0.1627827713,0.0433655603
1300,6.75,0.1562862994,0.0399732907
1300,7.00,0.1501094410,0.0368760251
1300,7.25,0.1442347910,0.0340461607
1300,7.50,0.1386458613,0.0314587822
1300,7.75,0.1333270508,0.0290914006
1300,8.00,0.1282636106,0.0269237164
1300,8.25,0.1234416095,0.0249374038
1300,8.50,0.1188478973,0.0231159151
1300,8.75,0.1144700677,0.0214443045
1300,9.00,0.1102964218,0.0199090681
1300,9.25,0.1063159319,0.0184980005
1300,9.50,0.1025182057,0.0172000646
1300,9.75,0.0988934521,0.0160052757
1400,5.00,0.2095693764,0.0774047563
1400,5.25,0.2007356843,0.0710168118
1400,5.50,0.1923463792,0.0652048704
1400,5.75,0.1843782167,0.0599144016
1400,6.00,0.1768089220,0.0550960366
1400,6.25,0.1696172066,0.0507051205
1400,6.50,0.1627827713,0.0467012905
1400,6.75,0.1562862994,0.0430480835
1400,7.00,0.1501094410,0.0397125725
1400,7.25,0.1442347910,0.0366650317
1400,7.50,0.1386458613,0.0338786289
1400,7.75,0.1333270508,0.0313291455
1400,8.00,0.1282636106,0.0289947206
1400,8.25,0.1234416095,0.0268556184
1400,8.50,0.1188478973,0.0248940186
1400,8.75,0.1144700677,0.0230938257
1400,9.00,0.1102964218,0.0214404972
1400,9.25,0.1063159319,0.0199208886
1400,9.50,0.1025182057,0.0185231140
1400,9.75,0.0988934521,0.0172364205
1500,5.00,0.2095693764,0.0829335108
1500,5.25,0.2007356843,0.0760892975
1500,5.50,0.1923463792,0.0698622292
1500,5.75,0.1843782167,0.0641938804
1500,6.00,0.1768089220,0.0590313562
1500,6.25,0.1696172066,0.0543268121
1500,6.50,0.1627827713,0.0500370024
1500,6.75,0.1562862994,0.0461228595
1500,7.00,0.1501094410,0.0425491045
1500,7.25,0.1442347910,0.0392838883
1500,7.50,0.1386458613,0.0362984624
1500,7.75,0.1333270508,0.0335668782
1500,8.00,0.1282636106,0.0310657133
1500,8.25,0.1234416095,0.0287738225
1500,8.50,0.1188478973,0.0266721124
1500,8.75,0.1144700677,0.0247433380
1500,9.00,0.1102964218,0.0229719179
1500,9.25,0.1063159319,0.0213437688
1500,9.50,0.1025182057,0.0198461560
1500,9.75,0.0988934521,0.0184675585
1600,5.00,0.2095693764,0.0884622329
1600,5.25,0.2007356843,0.0811617534
1600,5.50,0.1923463792,0.0745195607
1600,5.75,0.1843782167,0.0684733341
1600,6.00,0.1768089220,0.0629666528
1600,6.25,0.1696172066,0.0579484826
1600,6.50,0.1627827713,0.0533726948
1600,6.75,0.1562862994,0.0491976174
1600,7.00,0.1501094410,0.0453856198
1600,7.25,0.1442347910,0.0419027295
1600,7.50,0.1386458613,0.0387182817
1600,7.75,0.1333270508,0.0358045978
1600,8.00,0.1282636106,0.0331366940
1600,8.25,0.1234416095,0.0306920153
1600,8.50,0.1188478973,0.0284501958
1600,8.75,0.1144700677,0.0263928406
1600,9.00,0.1102964218,0.0245033296
1600,9.25,0.1063159319,0.0227666408
1600,9.50,0.1025182057,0.0211691904
1600,9.75,0.0988934521,0.0196986892
1700,5.00,0.2095693764,0.0939909204
1700,5.25,0.2007356843,0.0862341776
1700,5.50,0.1923463792,0.0791768630
1700,5.75,0.1843782167,0.0727527611
1700,6.00,0.1768089220,0.0669019248
1700,6.25,0.1696172066,0.0615701304
1700,6.50,0.1627827713,0.0567083663
1700,6.75,0.1562862994,0.0522723561
1700,7.00,0.1501094410,0.0482221174
1700,7.25,0.1442347910,0.0445215544
1700,7.50,0.1386458613,0.0411380859
1700,7.75,0.1333270508,0.0380423034
1700,8.00,0.1282636106,0.0352076617
1700,8.25,0.1234416095,0.0326101962
1700,8.50,0.1188478973,0.0302282681
1700,8.75,0.1144700677,0.0280423328
1700,9.00,0.1102964218,0.0260347317
1700,9.25,0.1063159319,0.0241895038
1700,9.50,0.1025182057,0.0224922164
1700,9.75,0.0988934521,0.0209298123
1800,5.00,0.2095693764,0.0995195712
1800,5.25,0.2007356843,0.0913065681
1800,5.50,0.1923463792,0.0838341344
1800,5.75,0.1843782167,0.0770321597
1800,6.00,0.1768089220,0.0708371706
1800,6.25,0.1696172066,0.0651917541
1800,6.50,0.1627827713,0.0600440156
1800,6.75,0.1562862994,0.0553470744
1800,7.00,0.1501094410,0.0510585961
1800,7.25,0.1442347910,0.0471403619
1800,7.50,0.1386458613,0.0435578740
1800,7.75,0.1333270508,0.0402799941
1800,8.00,0.1282636106,0.0372786156
1800,8.25,0.1234416095,0.0345283643
1800,8.50,0.1188478973,0.0320063285
1800,8.75,0.1144700677,0.0296918141
1800,9.00,0.1102964218,0.0275661237
1800,9.25,0.1063159319,0.0256123574
1800,9.50,0.1025182057,0.0238152337
1800,9.75,0.0988934521,0.0221609272
1900,5.00,0.2095693764,0.1050481830
1900,5.25,0.2007356843,0.0963789229
1900,5.50,0.1923463792,0.0884913730
1900,5.75,0.1843782167,0.0813115281
1900,6.00,0.1768089220,0.0747723888
1900,6.25,0.1696172066,0.0688133524
1900,6.50,0.1627827713,0.0633796415
1900,6.75,0.1562862994,0.0584217711
1900,7.00,0.1501094410,0.0538950548
1900,7.25,0.1442347910,0.0497591510
1900,7.50,0.1386458613,0.0459776450
1900,7.75,0.1333270508,0.0425176691
1900,8.00,0.1282636106,0.0393495549
1900,8.25,0.1234416095,0.0364465189
1900,8.50,0.1188478973,0.0337843764
1900,8.75,0.1144700677,0.0313412838
1900,9.00,0.1102964218,0.0290975049
1900,9.25,0.1063159319,0.0270352010
1900,9.50,0.1025182057,0.0251382416
1900,9.75,0.0988934521,0.0233920335
2000,5.00,0.2095693764,0.1105767538
2000,5.25,0.2007356843,0.1014512401
2000,5.50,0.1923463792,0.0931485770
2000,5.75,0.1843782167,0.0855908648
2000,6.00,0.1768089220,0.0787075777
2000,6.25,0.1696172066,0.0724349238
2000,6.50,0.1627827713,0.0667152426
2000,6.75,0.1562862994,0.0614964449
2000,7.00,0.1501094410,0.0567314926
2000,7.25,0.1442347910,0.0523779206
2000,7.50,0.1386458613,0.0483973981
2000,7.75,0.1333270508,0.0447553274
2000,8.00,0.1282636106,0.0414204789
2000,8.25,0.1234416095,0.0383646593
2000,8.50,0.1188478973,0.0355624112
2000,8.75,0.1144700677,0.0329907412
2000,9.00,0.1102964218,0.0306288747
2000,9.25,0.1063159319,0.0284580340
2000,9.50,0.1025182057,0.0264612397
2000,9.75,0.0988934521,0.0246231306
2100,5.00,0.2095693764,0.1161052814
2100,5.25,0.2007356843,0.1065235176
2100,5.50,0.1923463792,0.0978057447
2100,5.75,0.1843782167,0.0898701680
2100,6.00,0.1768089220,0.0826427359
2100,6.25,0.1696172066,0.0760564668
2100,6.50,0.1627827713,0.0700508177
2100,6.75,0.1562862994,0.0645710947
2100,7.00,0.1501094410,0.0595679081
2100,7.25,0.1442347910,0.0549966697
2100,7.50,0.1386458613,0.0508171323
2100,7.75,0.1333270508,0.0469929683
2100,8.00,0.1282636106,0.0434913867
2100,8.25,0.1234416095,0.0402827847
2100,8.50,0.1188478973,0.0373404320
2100,8.75,0.1144700677,0.0346401858
2100,9.00,0.1102964218,0.0321602325
2100,9.25,0.1063159319,0.0298808559
2100,9.50,0.1025182057,0.0277842275
2100,9.75,0.0988934521,0.0258542181
2200,5.00,0.2095693764,0.1216337636
2200,5.25,0.2007356843,0.1115957534
2200,5.50,0.1923463792,0.1024628741
2200,5.75,0.1843782167,0.0941494361
2200,6.00,0.1768089220,0.0865778617
2200,6.25,0.1696172066,0.0796779801
2200,6.50,0.1627827713,0.0733863653
2200,6.75,0.1562862994,0.0676457192
2200,7.00,0.1501094410,0.0624043003
2200,7.25,0.1442347910,0.0576153974
2200,7.50,0.1386458613,0.0532368466
2200,7.75,0.1333270508,0.0492305908
2200,8.00,0.1282636106,0.0455622775
2200,8.25,0.1234416095,0.0422008943
2200,8.50,0.1188478973,0.0391184382
2200,8.75,0.1144700677,0.0362896168
2200,9.00,0.1102964218,0.0336915778
2200,9.25,0.1063159319,0.0313036662
2200,9.50,0.1025182057,0.0291072044
2200,9.75,0.0988934521,0.0270852954
2300,5.00,0.2095693764,0.1271621983
2300,5.25,0.2007356843,0.1166679457
2300,5.50,0.1923463792,0.1071199634
2300,5.75,0.1843782167,0.0984286674
2300,6.00,0.1768089220,0.0905129537
2300,6.25,0.1696172066,0.0832994623
2300,6.50,0.1627827713,0.0767218843
2300,6.75,0.1562862994,0.0707203173
2300,7.00,0.1501094410,0.0652406682
2300,7.25,0.1442347910,0.0602341025
2300,7.50,0.1386458613,0.0556565401
2300,7.75,0.1333270508,0.0514681941
2300,8.00,0.1282636106,0.0476331505
2300,8.25,0.1234416095,0.0441189874
2300,8.50,0.1188478973,0.0408964292
2300,8.75,0.1144700677,0.0379390336
2300,9.00,0.1102964218,0.0352229099
2300,9.25,0.1063159319,0.0327264641
2300,9.50,0.1025182057,0.0304301700
2300,9.75,0.0988934521,0.0283163622
2400,5.00,0.2095693764,0.1326905833
2400,5.25,0.2007356843,0.1217400923
2400,5.50,0.1923463792,0.1117770109
2400,5.75,0.1843782167,0.1027078602
2400,6.00,0.1768089220,0.0944480104
2400,6.25,0.1696172066,0.0869209119
2400,6.50,0.1627827713,0.0800573733
2400,6.75,0.1562862994,0.0737948878
2400,7.00,0.1501094410,0.0680770106
2400,7.25,0.1442347910,0.0628527841
2400,7.50,0.1386458613,0.0580762119
2400,7.75,0.1333270508,0.0537057772
2400,8.00,0.1282636106,0.0497040048
2400,8.25,0.1234416095,0.0460370633
2400,8.50,0.1188478973,0.0426744041
2400,8.75,0.1144700677,0.0395884356
2400,9.00,0.1102964218,0.0367542282
2400,9.25,0.1063159319,0.0341492493
2400,9.50,0.1025182057,0.0317531236
2400,9.75,0.0988934521,0.0295474179
2500,5.00,0.2095693764,0.1382189164
2500,5.25,0.2007356843,0.1268121914
2500,5.50,0.1923463792,0.1164340147
2500,5.75,0.1843782167,0.1069870129
2500,6.00,0.1768089220,0.0983830301
2500,6.25,0.1696172066,0.0905423276
2500,6.50,0.1627827713,0.0833928310
2500,6.75,0.1562862994,0.0768694294
2500,7.00,0.1501094410,0.0709133263
2500,7.25,0.1442347910,0.0654714411
2500,7.50,0.1386458613,0.0604958610
2500,7.75,0.1333270508,0.0559433393
2500,8.00,0.1282636106,0.0517748398
2500,8.25,0.1234416095,0.0479551212
2500,8.50,0.1188478973,0.0444523624
2500,8.75,0.1144700677,0.0412378221
2500,9.00,0.1102964218,0.0382855322
2500,9.25,0.1063159319,0.0355720212
2500,9.50,0.1025182057,0.0330760649
2500,9.75,0.0988934521,0.0307784621
